1NIQ COMERCIAL LTDA;1NIQ;38.134.964/0001-03;AV.;DONA RUYCE FERRAZ ALVIM,;1151;;SERRARIA;DIADEMA;SP;BRASIL;11-9-9855-9944;bruno@1niq.com;BRUNO MONTE BAZZONI;09981-300;NULL;NULL
4;4;67.324.019/0001-64;AEROPORTO;1666;1;1;66666;66666;CE;BRASIL;(11) 9888-8888;4@5.com;4;01012-000;2022-04-30 08:39:21.000;S
A NOVA PALACIO DOS CRISTAIS IND.COM.LTDA;"PALÁCIO DOS CRISTAIS ";19.611.234/0001-01;RUA;INDEPENDÊNCIA;271;;VILA RENATA;GUARULHOS;SP;BRASIL;(11) 2086-6330;rosane@palaciodoscristais.ind.br;VALDEMIR /ROSANE;07056-010;2019-08-02 11:13:02.497;" "
A. E. VIDRAÇARIA LTDA;USEVIDROS;96.723.119/0001-61;AVENIDA;CENTENÁRIO;270-a;USEVIDROS;CENTRO;BRUMADO;BA;BRASIL;(77) 9935-2830;arlindo@usevidros.com.br;ARLINDO CUSTÓDIO;46100-000;NULL;NULL
A2 VIDROS IND. E COM. LTDA;A2 VIDROS;51.323.061/0003-92;RUA;SÃO MAURICIO,;163;;JD DAS FLORES;OSASCO;SP;BRASIL;11-3682-2529;vendas@a2vidros.com.br;ALEXANDRE GROPPO BAR;06110-250;NULL;NULL
"ABRASIPA IND DE ABRASIVOS LTDA ";ABRASIPA;61.092.680/0001-05;RUA;JACOFER;437;;JARDIM PEREIRA LEITE;SÃO PAULO;SP;BRASIL;(11) 3933-2994;jacque@abrasipa.com.br;" JACQUELINE NEVES SILVA ";02712-070;2024-09-13 09:07:23.423;" "
ABRAVID - ASSOCIAÇÃO BRASILIENSE DE VIDRAÇARIAS;;04.060.942/0001-16;.;SIA TRECHO 4 - LOTE;1130;SALA 103 - ED SENAP 1 COMERCIO LOCAL;;BRASÍLIA;DF;;;;;71200040;NULL;" "
ABRAVIDRO;ABRAVIDRO;64.161.318/0001-37;AVENIDA;FRANCISCO MATARAZZO,;1752;SALA 615;ÁGUA BRANCA;SÃO PAULO;SP;BRASIL;(11) 3873-9908;mbotelho@abravidro.org.br;MAURICIO BOTELHO;05014-000;2025-10-17 15:27:42.177;" "
AC BRAGA CARLETTO COMERCIO DE VIDROS;DISTRIBUIDORA SENIOR;25.109.085/0001-71;RUA;JOAQUIM LAVOURA;419;;VISTA ALEGRE;SÃO GONÇALO;RJ;BRASIL;(21) 8016-2627;bragacarletto@gmail.com;"RAFAEL ";24724-460;2019-10-16 11:54:53.093;NULL
"ACIDATO INDUSTRIA DE VIDROS ESPECIAIS LTDA           ";ACIDATO;37.584.490/0001-20;RODOVIA;DOS MINÉRIOS;2420;;"TABOÃO                        ";"PR - CURITIBA                 ";PR;BRASIL;41-4108-6206;douglas@acidato.com.br;"DOUGLAS ALVES SKORA                                  ";82130-570;NULL;S
ADESPEC ADESIVOS ESPECIAIS S.A.;ADESPEC;04.568.840/0001-06;RUA;HUMBERTO I;236;CJ 81/82;VILA MARIANA;SÃO PAULO;SP;BRASIL;(11) 2166-3535;camila.malafaia@saint-gobain.com;CAMILA MALAFAIA;04018-030;2017-08-08 14:57:26.000;NULL
ADEVIBASE - ASSOCIAÇÃO DE DISTRIBUIDORES, PROCESSADORES E EMPRESAS DE VIDROS PLANOS DA BAHIA E SERGIPE;ADEVIBASE;13.936.865/0001-06;AVENIDA;BARROS REIS;630 B;EM FRENTE A LEO MADEIRA;PAU MIÚDO;SALVADOR;BA;BRASIL;(71) 3018-4545;roberto@vcgferragens.com.br;ROBERTO BASTOS;40310-010;NULL;" "
AGAEFE ESQUADRIAS DE ALUMÍNIO;AGAEFE;00.984.617/0001-99;RUA;OLARIO DE OLIVEIRA FRANÇA;535;CASA 14;VILA NASSER;CAMPO GRANDE;MS;BRASIL;(67) 3342-1526;cleber.agaefe@gmail.com;CLEBER HENN;79117-475;2022-09-12 17:07:29.693;NULL
AGC - VIDROS DO BRASIL LTDA;AGC VIDROS DO BRASIL;13.198.370/0001-27;ESTRADA;MUNICIPAL DR. JAIME EDUARDO RIBEIRO PEREIRA;500;;JARDIM VISTA ALEGRE;GUARATINGUETÁ;SP;BRASIL;(12) 3127-7100;thiago.malvezzi@agc.com;THIAGO MALVEZZI;12523-671;2024-10-01 16:39:49.287;" "
"AGC VIDROS DO BRASIL LTDA.                           ";AGC BRASIL AUTOMOTIVO;13.198.370/0004-70;AVENIDA;ENGENHEIRO DARCY NOGUEIRA DO PINHO;3201;;"VILA CRISTINA                 ";"MG - BETIM                    ";MG;BRASIL;;;"DIRETORIA                                            ";32675-515;NULL;NULL
AGMAQ EQUIPAMENTOS E MONTAGENS INDUSTRIAIS LTDA;AGMAQ;58.764.556/0001-34;AVENIDA;LUIZ MAGGIONI;1785;;DIST. EMP. PREF. LUIZ ROBERTO JÁBALI;RIBEIRÃO PRETO;SP;BRASIL;(16) 3626-7766;financeiro@agmaq.com.br;FERNANDA PEREIRA;14072-055;2024-06-12 23:55:36.553;NULL
AGPAR SA;"AGPAR ";NULL;NULL;"HERNANDARIAS 731 ";NULL;NULL;NULL;ASUNCION;NULL;PARAGUAY;(+ 595 21) 238 2020;mnunes@abravidro.org.br;NULL;000000000;NULL;NULL
AGPAR SA;AGPAR SA GRUPO TURRINI;NULL;NULL;HERNANDARIAS 731;NULL;NULL;NULL;ASUNCION;NULL;PARAGUAI;+595212382020;bruno@agparsa.com.py;NULL;0000;2015-06-30 18:58:00.133;NULL
AGUSTINI MATEUS DO ABC IND. E COM. DE VIDROS LTDA;ABC TEMPER;27.208.273/0001-82;RUA;PINDORAMA,;629;;VILA JORDANÓPOLIS;SÃO BERNARDO DO CAMPO;SP;BRASIL;(11) 4178-2377;producao@abctemper.com.br;RAFAEL MATEUS;09892-120;2024-10-16 11:47:06.540;" "
AL IND. COM. IMP E EXP. DE ACESSÓRIOS PARA VIDRO, ALUMÍNIO E MATERIAIS DE CONSTRUÇÃO LTDA - EPP;"AL INDÚSTRIA ";09.406.784/0001-27;RUA;JOÃO ALETTO;224/B;;VILA MERCEDES;MAUÁ;SP;BRASIL;(11) 2137-7300;max@alindustria.com.br;'MAX PIRES DEL OLMO FILHO;09361-420;2024-06-25 18:31:36.387;NULL
ALAGOAS VIDROS TEMPERADOS LTDA;ALAGOAS VIDROS;NULL;AVENIDA;MENINO MARCELO;9100;B;BARRO DURO;MACEIÓ;AL;BRASIL;(82) 3327-9402;sottoni@ig.com.br;SERGIO OTTONI;57083-410;NULL;NULL
ALAGOAS VIDROS TEMPERADOS LTDA;ALAGOAS VIDROS;12.264.493/0001-56;RUA;SORAIA DA SILVA MACIEL (CJ DENISSON MENE;403;;CIDADE UNIVERSITÁRIA;MACEIÓ;AL;BRASIL;(82) 3322-4242;sergio@alagoasvidros.com.br;SERGIO;57073-630;2017-10-04 17:11:02.080;NULL
ALCLEAN EXTRUSÃO DE METAIS LTDA;ALCLEAN;00.131.991/0001-41;ESTRADA;ARAÇARIGUAMA,;2.000;.;AMBUITÁ;ITAPEVI;SP;BRASIL;(11) 4144-9090;rogerio.leite@alclean.com.br;ROGERIO;06695-560;NULL;NULL
ALFA PRESS REPORTAGEM LTDA EPP;PALESTRANTE;03.630.569/0001-29;RUA;MINISTRO GABRIEL DE REZENDE PASSOS;300;.;MOEMA;SÃO PAULO;SP;BRASIL;(11) 3873-9908;carmen@zumbrazil.com.br;CARMEN LIPPI;11320-060;2019-09-04 17:50:14.847;NULL
ALPEX ALUMINIO S.A.;ALPEX ALUMÍNIO S.A.;68.100.064/0001-06;RUA;ALCIDES LOURENÇO DA ROCHA;15;CONJUNTO 42;BROOKLIN;SÃO PAULO;SP;BRASIL;(11) 2215-8844;paulo.bolzoni@alpex.com.br;PAULO BOLZONI;04220-020;2019-03-11 11:51:01.817;NULL
ALTERNATIVA COMÉRCIO DE VIDROS LTDA;ALTERNATIVA VIDROS;05.229.627/0001-32;AVENIDA;AMAZONAS;8868;;GAMELEIRA;BELO HORIZONTE;MG;BRASIL;(31) 3362-3399;ivanir100@gmail.com;IVANIR SOUZA;30510-000;2024-09-24 14:41:29.587;S
ALU-SERVICE INDUSTRIA E COMERCIO LTDA;" SCREENLINE";74.382.995/0001-39;AVENIDA;GONÇALO MADEIRA;329;.;JAGUARÉ;SÃO PAULO;SP;BRASIL;(11) 2197-1400;roberto@eurocentro.com.br;" ROBERTO ";05348-000;2024-10-04 17:07:14.867;" "
ALUMINATEC ALUMINIO INDUSTRIA E COMERCIO LTDA;ALUMITEC;72.831.217/0001-54;AVENIDA;PRESIDENTE WILSON;5514;.;VILA INDEPENDÊNCIA;SÃO PAULO;SP;BRASIL;(11) 2272-5277;ivone@alumitec.com.br;IVONEIDE FREGATTI MAIA;04220-001;2024-06-28 14:43:50.763;" "
"ALVORADA TEMPER INDUSTRIA E COMERCIO DE VIDROS EIR   ";ALVORADA TEMPER;40.243.943/0001-60;AVENIDA;PRESIDENTE TANCREDO NEVES;3814;;"PAQUETÁ                       ";"MG - BELO HORIZONTE           ";MG;BRASIL;31- 3654-7862;pabloandrecosta@gmail.com;PABLO ANDRÉ COSTA;31330-472;NULL;NULL
AMARAL VIDROS INDUSTRIA E COMERCIO LTDA;UAMARAL VIDROS;36.411.843/0001-28;RUA;PIRAJU;381;LOTE L 11 B 08;ACUHY;SERRA;ES;BRASIL;(27) 2141-2840;comercial@gruporvvidros.com.br;UELIITON AMARAL DE ARAUJO;29161-242;2022-11-14 19:06:13.953;" "
AMAZON CARIRI INDUSTRIA E COM. DE VIDROS LTDA EPP;AMAZON TEMPER CARIRI;21.910.311/0001-68;AV.;PADRE CÍCERO,;2900;;MURITI;CRATO;CE;BRASIL;88-3523-4439;cariri@amazontemper.ind.br;PATRICIA;63132-022;NULL;" "
AMAZON TEMPER COMERCIO DE VIDROS EIRELI;AMAZON TEMPER - BA;18.236.196/0001-83;AV.;BARROS REIS,;S/N;;FAZENDA GRANDE DO RETIRO;SALVADOR;BA;BRASIL;71-3032-9150;amazontemper.ssa@amazontemper.com;JOHNY MARCOS SPREUWE;40353-100;NULL;" "
AMAZON TEMPER IND COM E SERV LTDA;AMAZON TEMPER - AM;05.744.189/0001-40;AV.;BURITI,;2755;;DT IND I;MANAUS;AM;BRASIL;92-3611-2832;amazon_temper@hotmail.com;JOANE SABRINA CERDEI;69075-000;NULL;" "
AMAZON TEMPER IND. E COM. DE VIDROS TEMPERADOS LTDA;;09.177.724/0001-80;ROD.;BR 116 KM 23;S/N;CAIXA POSTAL 64;CAMARÁ;AQUIRÁZ;CE;;;;;61700000;NULL;" "
AMAZON TEMPER INDÚSTRIA COMERCIO DE SERVIÇOS LTDA;AMAZON TEMPER - SC;05.744.189/0002-21;ROD.;BR 282,;S/N;;INTERIOR;XANXERE;SC;BRASIL;49-3433-7594;rh@amazontempersc.com.br;JOHNY MARCOS SPREUWE;89820-000;NULL;NULL
AMAZON TEMPER INDUSTRIA DE VIDROS TEMPERADOS LTDA;AMAZON TEMPER - MT;12.458.237/0001-08;ESTRA.;ANEL VIARIO,;159-N;;TESCHE;LUCAS DO RIO VERDE;MT;BRASIL;65-3549-0216;amazontemperlucas@gmail.com;LUIS EUGENIO BANTLE;78455-000;NULL;" "
AMAZON TEMPER RECIFE, INDUSTRIA E COMERCIO DE VIDR;AMAZON TEMPER RECIFE;22.663.305/0001-16;RUA.;MATA GRANDE,;3000;;PRAZERES;JABOATAO DOS GUARARAPES;PE;BRASIL;81-3341-7971;natalifarias@amazontemper.ind.br;JACKSON LUIZ FLORINT;54340-002;NULL;NULL
AMAZONIA INDUSTRIA E COMÉRCIO DE VIDROS LTDA;AMAZONIA TEMPER;63.859.441/0001-63;RUA;DONA ANA;50;NULL;CENTRO;ANANINDEUA;PA;BRASIL;(91) 3235-5707;lpb@.produtos@bol.com.br;LEANDRO PEREIRA BARBOSA;67040-690;NULL;NULL
AMERICANBOX - NOVA VIDRO INDÚSTRIA E COMÉRCIO LTDA;AMERICANBOX;17.020.350/0001-12;ESTRADA;YAE MASSUMOTO,;333;;COOPERATIVA;SÃO BERNARDO DO CAMPO;SP;BRASIL;(11) 4393-6500;wagner.gerone@americanbox.com.br;WAGNER GERONE;09842-160;NULL;NULL
AMVID - ASSOCIAÇÃO MINEIRA DO COMÉRCIO ATACADISTA, VAREJISTA E DOS BENEFICIADORES DO VIDRO;AMVID;01.793.969/0001-20;RUA;BERNARDO GUIMARÃES;63;4º ANDAR;FUNCIONÁRIOS;BELO HORIZONTE;MG;BRASIL;(31) 2551-4447;alessandra.relacionamento@amvid.com.br;ALESSANDRA RODRIGUES;30140-080;2022-09-21 20:00:16.840;" "
ANA PAULA NOGUEIRA BREVILATO CAMARA;CENTRAL DO VIDRACEIRO;26.729.516/0001-65;AVENIDA;NILO PEÇANHA;1172;SOBRELOJA;PQUE. LAFAIETE;DUQUE DE CAXIAS;RJ;BRASIL;(21) 2757-9459;anapaula@centraldovidraceiro.com.br;ANA PAULA;25025-000;2022-08-17 16:33:33.173;NULL
ANDRADE E MARTINUZZO LTDA;"ANDRADE E MARTINUZZO ";00.243.963/0001-16;AVENIDA;AV.PRES.GETULIO VARGAS;4338;;STA RITA;TEIXEIRA DE FREITAS;BA;BRASIL;(73) 3291-1509;albertomartinuzzo@gmail.com;ALBERTOMARTINUZZO;69796-831;NULL;NULL
ANGELO VIDROS LTDA ME;ANGELO VIDROS;13.998.557/0001-05;RUA;CAMPINAS;201;;CENTRO;JABOTICABAL;SP;BRASIL;(16) 9719-2600;angelovidros@yahoo.com.br;ANGELO RICARDO PEREIRA;14870-390;NULL;NULL
ANGGULO COMUNICAÇÃO ESTRATÉGICA LTDA;ANGGULO COMUNICAÇÃO;06.912.116/0001-83;RUA;SOARES DE FARIA;39;;JABAQUARA;SÃO PAULO;SP;BRASIL;(11) 5031-2707;adriano@anggulo.com.br;ADRIANO PEGORELLI;04343-100;2015-07-27 10:26:52.987;NULL
ANTONIO RINALDO DE CARVALHO NASCIMENTO ME;"DW ACESSÓRIOS ";12.077.175/0001-86;AVENIDA;PADRE NESTOR SAMPAIO;530;;LAGOA SECA;JUAZEIRO DO NORTE;CE;BRASIL;(88) 3571-3277;rinaldo.dwa@hotmail.com;RINALDO / FERNANDO;63040-695;2015-07-19 11:01:29.063;NULL
ARBAX INDÚSTRIA E COMÉRCIO LTDA ME;ARBAX;48.739.924/0001-30;RUA;CAMPO LARGO;1102;;VILA BERTIOGA;SÃO PAULO;SP;BRASIL;(11) 2965-9110;gerencia@arbax.com.br;FELIPE DIAS;03186-010;2024-10-30 08:42:55.667;NULL
ART VIDROS INDUSTRIA E COMERCIO LTDA - EPP;ART VIDROS;05.129.413/0001-94;RUA;ROD SC 443, KM 17770;S/N;;GAZIELA;FUMAÇA;SC;BRASIL;48-3434-6900;pedrinho@artvidrosmf.com.br;ROBERTO SILVA;88830-000;NULL;" "
ARTEMPER INDÚSTRIA E COMÉRCIO DE VIDROS LTDA;;03.956.636/0001-08;R.;DOMICIANO LEITE DE ASSIS,;131;;DISTRITO INDUSTRIAL ADIB. RASSI;JARDINÓPOLIS;SP;;;;;14680000;NULL;NULL
ASCEVI - ASSOCIAÇÃO CATARINENSE DAS EMPRESAS VIDREIRAS;ASCEVI;06.958.752/0001-46;RUA;THIAGO DA FONSECA,;44;.;CAPOEIRAS;FLORIANÓPOLIS;SC;BRASIL;(48) 3034-6516;contato@ascevi.com.br;JOANA SANTOS;88085-100;2024-09-09 10:49:56.453;" "
ASOCIACIÓN GREMIAL CHILENA DEL VIDRIO, ALUMINIO Y PVC - ACHIVAL;ACHIVAL;NULL;NULL;JORGE HIRMAS 2560, RENCA;NULL;NULL;NULL;SANTIAGO;NULL;CHILE;2669 5401;gsilvalavin@gmail.com;NULL;00000;NULL;NULL
ASSOCIAÇÃO BRASILEIRA DAS INDÚSTRIAS DE VIDRO - ABIVIDRO;ABIVIDRO;62.005.954/0001-44;AVENIDA;ANGÉLICA;2491;CJ.162;CONSOLAÇÃO;SÃO PAULO;SP;BRASIL;(11) 3255-3363;secretaria@abividro.org.br;GABRIELA;01227-200;2024-09-13 14:03:30.057;" "
ATENUA SOM IND E COM LTDA;ATENUA SOM;68.928.498/0001-90;AVENIDA;IBIRAPUERA;3458;;MOEMA;SÃO PAULO;SP;BRASIL;(11) 2117-2999;edison@atenuasom.com.br;EDISON CLARO DE MORAES;04028-003;2024-09-19 11:16:45.383;NULL
AUTÊNTICA COMÉRCIO DE VIDROS E ESPELHOS LTDA;AUTÊNTICA VIDROS;17.110.159/0001-61;AVENIDA;AMAZONAS;5433;LOJA 2;CACHOEIRA;BETIM;MG;BRASIL;(31) 3594-4161;autenticavidros@hotmail.com;LAENE MENDES;32602-770;NULL;NULL
AUTO VIDROS LONDRINA LTDA;VIDROS LONDRINA;49.436.793/0001-85;AVENIDA;"AV ANTONIO EMMERICH ";1006;;VILA SAO JORGE;SÃO VICENTE;SP;BRASIL;(13) 3304-8252;klhomem@hotmail.com;KELLY;11370-000;2019-03-17 23:46:53.793;NULL
AVANTGLASS IND. E COM. DE MÁQUINAS E ACESSÓRIOS;AVANT GLASS;17.678.709/0001-43;AVENIDA;ELDORADO;152;CASA GRANDE;CASA GRANDE;DIADEMA;SP;BRASIL;(11) 2381-3747;francisco.moura@avantglass.com.br;FRANCISCO MOURA;09961-470;2022-11-04 16:04:21.567;NULL
AVEC VERRE DESIGN PRODUTOS ESPECIAIS LTDA;AVEC DESIGN;00.318.320/0001-94;TRAVESSA;ARAPUÃ;306;;JARDIM OCARA;SANTO ANDRÉ;SP;BRASIL;(11) 4422-4722;jgaceto@avec.com.br;JOSÉ GUILHERME ACETO;09051-030;2019-10-04 14:59:53.993;NULL
AVIGO - ASSOCIAÇÃO DAS EMPRESAS VIDREIRAS DE GOIÁS;;16.691.894/0001-43;R.;C 159;983;SALA 01;JD. AMÉRICA;GOIÂNIA;GO;;;;;74255140;NULL;" "
AVIMS - ASSOCIAÇÃO DOS VIDREIROS DE MATO GROSSO DO SUL;AVIMS;11.200.718/0001-48;RUA;ESTEVÃO CAPRIATA;417;;VILA PROGRESSO;CAMPO GRANDE;MS;BRASIL;(67) 3028-4661;ricardo@sfvidracaria.com.br;RICARDO;79050-440;2017-11-01 12:29:10.993;" "
B5S VIDROS S.A.;STAR TEMPER;30.123.025/0001-43;RUA;DOMINGOS BIANCARDI,;2-190;;DISTRITO INDUSTRIAL DOMINGOS B;BAURU;SP;BRASIL;(14) 3878-2600;adm@startemp.com.br;VÍCTOR VILLAS CASACA;17034-420;2024-09-20 15:48:16.637;" "
BAHIA EVENTOS LTDA;BAHIA EVENTOS;33.995.184/0001-26;RUA;PROFESSOR ARISTIDES NOVIS;123;.;FEDERAÇÃO;SALVADOR;BA;BRASIL;(71) 3203-1210;tania.marques@redebahia.com.br;TANIA MARQUES;40210-630;2024-09-06 15:03:17.090;NULL
BAHIA VIDROS;SDFSDF;NULL;NULL;SDFSDF;NULL;NULL;NULL;SDFSDFSDFSDF;NULL;DSFSDFDSF;sdfsd3312332132;sdfsd@sda.com;NULL;DSFFSDF;NULL;NULL
BAHIA VIDROS TEMPERADOS - INDÚSTRIA BAIANA DE VIDROS LTDA;BAHIA VIDROS;10.879.024/0001-16;RODOVIA;BR 101,;KM 263 - CAIXA POSTAL 54;.;AMPARO;SANTO ANTONIO DE JESUS;BA;BRASIL;(75) 3311-3000;rogerio@bahiavidros.com.br;ROGÉRIO EDUARDO FERREIRA DE OLIVEIRA;44571-670;2024-09-18 17:59:49.757;" "
BASALTO IND. E COM. DE VIDROS LTDA.;BASALTO VIDROS;12.126.312/0001-25;AVENIDA;PIONEIRO MAURÍCIO MARIANI;954;PQ. INDUSTRIAL HANNOVER;JARDIM ITAIPU;MARINGÁ;PR;BRASIL;(44) 3265-1112;jaimedepaulabasalto@hotmail.com;JAIME DE PAULA PEICHER;87065-510;2019-06-03 20:50:10.480;S
BAVELLONI DO BRASIL COMERCIO DE MAQUINAS LTDA;BAVELLONI DO BRASIL;34.393.040/0001-62;RUA;JOSE VERSOLATO;111;SALA 2212;CENTRO;SAO BERNARDO DO CAMPO;SP;BRASIL;(11) 2374-3724;clissia.mancini@bavelloni.com;CLISSIA MANCINI;09750-730;2024-06-28 15:52:40.747;NULL
BEDISVA BENEFICIAMENTO E DISTRIBUIÇÃO DE VIDROS E ACESSÓRIOS LTDA;BEDISVA VIDROS TEMPERAD;07.456.119/0001-12;RUA;LURDES TONELLI BASSETO;239;NULL;DISTRITO INDUSTRIAL III;BOTUCATU;SP;BRASIL;(14) 3814-5303;financeiro@bedisva.com.br;FERNANDO ÉVOLA;18608-750;NULL;" "
BELGA DISTRIBUIDORA DE VIDROS LTDA;"BELGA VIDROS ";12.767.224/0001-02;RUA;ARARIPINA;288;279;SANTO AMARO;RECIFE;PE;BRASIL;(81) 3216-3000;josinaldo.galvao@hotmail.com;JOSINALDO GALVAO;50040-170;NULL;NULL
BELGA METAL PLASTICA INDUSTRIA E COMERCIO LTDA;BELGA METAL;57.910.226/0001-47;ESTRADA;SADAE TAKAGI;2190;;COOPERATIVA;SÃO BERNARDO DO CAMPO;SP;BRASIL;(11) 4393-2944;tayla.rh@belgametal.com.br;LAURENIL;09852-070;2015-10-27 09:06:14.537;NULL
BELLTEMPER INDÚSTRIA E COMÉRCIO DE VIDROS LTDA;BELL TEMPER;10.879.637/0001-53;RUA;GOIÁS;2720;.;IPIRANGA;DIVINÓPOLIS;MG;BRASIL;(37) 3222-2100;eduardo@belltemper.com.br;EDUARDO ALONSO FERREIRA SALES;35502-027;2015-06-03 09:02:44.000;NULL
BEND GLASS COMÉRCIO E INDÚSTRIA LTDA;BEND GLASS;00.785.010/0001-80;RUA;DESEMBARGADOR AMORIM;88;;JARDIM INDUSTRIAL;CONTAGEM;MG;BRASIL;(31) 3361-5599;financeiro@bendglass.com.br;ODILON REINALDO;32215-330;2024-06-06 18:07:22.257;" "
BENTELER MASCHINENBAU GMBH;BENTELER;NULL;RUA;TEODORO BARNABÉ;589;NULL;TERRAS DE ITAICI;INDAIATUBA;SÃO PAULO;BRASIL;(19) 3894-8631;frankja@uol.com.br;NULL;13341-480;NULL;NULL
BENTELER MASCHINENBAU GMBH;BENTELER;NULL;"RUA ";TEODORO BARNABÉ;589;NULL;TERRAS DE ITAICI;INDAIATUBA;SÃO PAULO;BRASIL;(19) 3894-8631;frankja@uol.com.br;NULL;13341-480;NULL;NULL
BENTELER MASCHINENBAU GMBH;BENTELER;NULL;NULL;RUA TEODORO BARNABÉ, 589;NULL;NULL;NULL;INDAIATUBA;SP;BRASIL;19 38948631;frankja@uol.com.br;NULL;13341480;2015-10-20 08:57:02.963;NULL
BENTELER MASCHINENBAU GMBH;BENTELER;6;NULL;FRACHTSTRASSE;NULL;NULL;NULL;BIELEFELD;NULL;ALEMANHA;+1 713 335 6156;adriano.bifulco@benteler.com;NULL;00033-602;2019-09-12 13:10:34.560;NULL
BENTELER MASCHINENBAU GMBH;BENTELER;4;NULL;FRACHTSTRASSE, 10-16;NULL;NULL;NULL;BIELEFELD;NULL;ALEMANHA;49-521-542-227;andreas.koehler@benteler.com;NULL;33602;2017-08-23 10:40:09.690;NULL
BIESSE BRASIL COMERCIO E INDUSTRIA DE MAQUINAS E E;BIESSE;19.541.628/0002-03;RUA;AUGUSTO DIAS PAREDES;710;.;BOQUEIRÃO;CURITIBA;PR;BRASIL;(11) 9912-9150;ricardo.mello@biesse.com;RICARDO MELLO;81730-100;2024-07-17 15:04:13.973;" "
BIESSE SPA INTERMAC GLASS & STONE DIVISION;"INTERMAC ";NULL;NULL;VIA DELLA MECCANICA;NULL;NULL;NULL;PESARO;NULL;ITÁLIA;1128474769;sandro.marchetti@intermac.com;NULL;61122;NULL;NULL
BIESSE SPA INTERMAC GLASS & STONE DIVISION;INTERMAC;NULL;NULL;VIA DELLA MECCANICA;NULL;NULL;NULL;PESARO;NULL;ITÁLIA;11-2847-4769;vincenzo.pruscini@intermac.com;NULL;61122;NULL;NULL
BING & REIS LTDA.;GENERAL GLASSES;93.030.070/0001-73;RUA;FELIPE NERI;447;CJ 501 E 502;AUXILIADORA;PORTO ALEGRE;RS;BRASIL;(51) 3388-7080;regis@bingreis.com.br;REGIS BING REIS;90440-150;2019-03-23 13:54:35.470;NULL
BISEL VIDROS LTDA;BISEL VIDROS;03.979.137/0001-28;RUA;MARIANA;1437;;BONFIM;BELO HORIZONTE;MG;BRASIL;3130730500;mgramiscelli@hotmail.com;MARCELA GRAMISCELLI LATORRE;31210420;NULL;NULL
"BISOVEL VIDROS E ESPELHOS LTDA                       ";BISOVEL VIDROS E ESP;72.786.650/0001-15;RUA;MARTIM AFONSO;123;;"BELENZINHO                    ";"SP - SÃO PAULO                ";SP;BRASIL;11-2291-0611;BISOVEL@UOL.COM.BR;"PAULO FUKUJU SATO                                    ";03057-050;NULL;S
BL GLASS COMÉRCIO E ACESSÓRIOS PARA VIDROS LTDA;BL GLASS;27.105.516/0001-57;RUA;JACIRA ROCHA;64;;CASA VERDE MÉDIA;SÃO PAULO;SP;BRASIL;(11) 2371-5173;brasielacarvalho@blglass.com.br;BRASIELA;02521-010;2017-08-23 13:28:55.640;NULL
BLUE GLASS COMÉRCIO DE VIDROS LTDA;BLUE GLASS;06.045.130/0001-27;RUA;ARNALDO VOSGERAU;620;;QUISSISSANA;SÃO JOSE DOS PINHAIS;PR;BRASIL;(41) 3020-8400;denise@blueglass.com.br;DENISE;83085-057;NULL;NULL
BLUE HOUSE COMERCIO DE VIDROS E REF LTDA;BLUE HOUSE;05.818.768/0001-90;QUADRA;SCIA QUADRA 11 CONJUNTO 01 LOTE 05;05;PRÓXIMO AO DEPOSITO DA AC COELHO;ZONA INDUSTRIAL (GUARÁ);GUARÁ;DF;BRASIL;(61) 3363-8389;cristalvidrosdf@gmail.com;CLEAN MARQUES;70730-620;2023-08-08 18:07:13.000;S
BONNEVILLE VIDROS E CRISTAIS LTDA;BONNEVILLE VIDROS;02.080.184/0001-72;RUA;ALEXANDRE EDER;309;.;PQ INDUSTRIAL;EMBU GUAÇU;SP;BRASIL;(11) 2088-3637;renata@massfix.com.br;RENATA GUALTIERONI;06900-000;NULL;" "
BOTTERO DO BRASIL MAQUINAS PARA VIDRO LTDA;"BOTTERO ";01.547.193/0001-68;RUA;GEORG REXROTH;609;BLOCO F - CONJ.01;VILA PADRE ANCHIETA;DIADEMA;SP;BRASIL;(11) 4072-3031;natalia.ramos@botterodobrasil.com.br;NATALIA RAMOS;09951-270;2024-07-31 15:29:10.513;" "
BOX ELEGANCE LTDA - EPP;IDEIA GLASS;10.739.622/0001-90;RUA;TREZE DE MAIO;911;;BELA VISTA;SÃO PAULO;SP;BRASIL;(11) 3016-9300;financeiro@ideiaglass.com.br;FRANCISCA B. DE OLIVEIRA;01327-000;2024-07-01 17:16:14.497;" "
BRADESCO;BRADESCO;NULL;;;;;;;;BRASIL;;;;;NULL;NULL
BRANQUINHO & NUNES GARCIA, LDA;B&NG- PORTUGAL;NULL;NULL;R. FRANKLIM LAMAS 29 3ºE;NULL;NULL;NULL;CASCAIS;NULL;PORTUGAL;351 966007529 / 21 4581984;nunes.garcia@sapo.pt;NULL;"2750-351 ";NULL;NULL
BRAS TEMPER INDUSTRIA E COMERCIO DE VIDROS;"BRASTEMPER INDUSTRIA ";11.952.737/0001-20;RUA;PADRE PEDRO PINTO;2420;LOJA;VENDA NOVA;BELO HORIZONTE;MG;BRASIL;(31) 3458-9366;daniel@brastemper.com.br;DANIEL PEREIRA;31615-310;2015-06-30 17:48:50.133;NULL
BRASIL DE RONDÔNIA INDÚSTRIA E COMÉRCIO DE VIDROS LTDA;MIRANDEX;03.727.410/0001-27;RUA;TIRADENTES,;359;;VILA JOTÃO;JI-PARANÁ;RO;BRASIL;(69) 3422-1404;marco@mirandex.com.br;MARCO;76908-266;2017-07-25 17:48:22.847;" "
BRASIL TEMPER;JOSY RIOS;10.143.613/0001-31;RUA;BAHIA;187;;PINDORAMA;IPIRÁ;BA;BRASIL;(75) 9154-3314;josyrios@hotmail.com;JOSY RIOS/JOEL RIOS;44600-000;2015-09-02 10:49:14.547;NULL
BRASIL TEMPER COMÉRCIO DE VIDROS;BRASIL TEMPER;07.842.195/0001-66;QUADRA;CONJUNTO 5 CHÁCARA 105;CASA 09;SHA QUADRA 4.;SETOR HABITACIONAL ARNI;BRASÍLIA;DF;BRASIL;(61) 3399-8146;brasiltemper.moises@gmail.com;MOISÉS LINO DE CASTRO;71995-425;2017-07-24 11:37:00.557;NULL
BRAZILGLASS VIDROS PLANOS LTDA;BRAZILGLASS;02.462.266/0001-81;RUA;PEDRO RIPOLI;2200;;VILA OASIS;RIBEIRÃO PIRES;SP;BRASIL;(11) 4827-2410;fmarques@brazilglass.com.br;FERNANDO;09410-020;2022-05-19 15:15:41.603;NULL
BYSTRONIC GLASS DO BRASIL MPV LTDA;BYSTRONIC GLASS;06.091.267/0001-18;RUA;ANTONIA MARTINS LUIZ;410;;DISTRITO INDUSTRIAL JOÃO NAREZZI;INDAIATUBA;SP;BRASIL;(19) 3935-3534;ricardo.giorgetti@bystronic-glass.com.br;RICARDO;13347-404;2015-10-07 14:03:21.580;NULL
C.N.V. TEMPERA LTDA - EPP;CNV VIDROS;06.283.266/0001-75;;ANTONIO PIRANGA,;1.905;;VILA ODETE;DIADEMA;SP;BRASIL;(11) 3474-9464;elainealbuquerque1@hotmail.com;ELAINE;09942-000;NULL;NULL
CADA SERVIÇO DE COMUNICAÇÃO LTDA;"CADA COMUNICAÇÃO ";21.941.720/0001-21;RUA;DOS COQUEIROS;1.291;APARTAMENTO 136 TORRE 3;CAMPESTRE;SANTO ANDRÉ;SP;BRASIL;(11) 4317-5216;caroline.sanchez@cadacomunicacao.com.br;CAROLINE;09080-010;2015-11-16 10:04:36.180;NULL
CAFÉ BRASIL EDITORIAL LTDA;CAFÉ BRASIL;05.809.981/0001-36;RUA;DAS DRACENAS;09;NULL;ALPHAVILLE COMERCIAL;BARUERI;SP;BRASIL;(11) 4195-6343;lilian@lucianopires.com.br;LUCIANO DIAS PIRES FILHO;06453-009;NULL;NULL
CALIFORNIA DISTRIBUIDORA DE VIDROS LTDA;CALIFORNIA VIDROS;02.989.800/0001-02;RUA;GUAIANAZES;104;;PENHA;RIO DE JANEIRO;RJ;BRASIL;(21) 2560-3039;californiavidros@hotmail.com;MARCIA;21020-370;2022-07-06 17:44:32.773;S
CAME CENTRO DE ASSESSORIA E MARKETING EMPRESARIAL LTDA;PAV;93.969.657/0001-42;RUA;VOLUNTÁRIOS DA PÁTRIA;3370;;FLORESTA;PORTO ALEGRE;RS;BRASIL;(51) 3061-6116;cursos@cursospav.com.br;"ALESSANDRA RODRIGUES ";90230-010;NULL;NULL
CARATORI CONSULTORIA E SERVIÇOS;EVERLAM;23.065.095/0001-27;RUA;ANTARES;171;ANDAR 2 - SALA 04;CENTRO DE APOIO II (ALPHAVILLE);SANTANA DE PARNAÍBA;SP;BRASIL;(11) 4191-4548;sergio.andrade@everlam.com;SERGIO ANDRADE;06541-065;2019-09-14 11:16:56.237;NULL
CARLOS ALBERTO FURTADO DE MELO ME;PALESTRANTE;03.336.392/0001-52;RUA;EMILIA MARIA RAMALHO TORRES;84;;JARDIM RIZZO;SÃO PAULO;SP;BRASIL;(11) 3873-9908;carmen@zumbrazil.com.br;CARMEN LIPPI;11320-060;2019-09-04 17:45:05.367;NULL
"CASA DAS PORTAS E JANELAS LTDA                       ";CASA DAS PORTAS/JANELAS;41.743.444/0001-02;RUA;Cel Candido Viana;225;;"CENTRO                        ";"MG - PEDRO LEOPOLDO           ";MG;BRASIL;31-3661-1519;casadasportasejanelas@yahoo.com.br;"REINALDO DA SILBA BATISTA                                       ";33600-000;NULL;S
"CASAS BANDEIRANTES LTDA ";CASAS BANDEIRANTES LTDA;08.747.503/0003-07;AVENIDA;JOÃO GOMES DE LUCENA,;4.511;;SÃO CRISTOVÃO;SERRA TALHADA;PE;BRASIL;(87) 3831-1520;renato@casasbandeirantes.com.br;EDUARDO V. VIANA;56912-000;2024-07-02 11:37:39.950;" "
CAVIPLAN - CÂMARA DEL VIDRIO PLANO Y SUS MANUFACTURAS;CAVIPLAN;NULL;NULL;"AV SANTA FÉ ";NULL;NULL;NULL;BUENOS AIRES;NULL;ARGENTINA;'54-11-4825-9008;caviplan@caviplan.org.a;NULL;C1425BGV;NULL;NULL
CAVIPLAN - CÂMARA DEL VIDRIO PLANO Y SUS MANUFACTURAS;CAVIPLAN;NULL;NULL;AV SANTA FÉ;NULL;NULL;NULL;BUENOS AIRES;NULL;ARGENTINA;54-11-4825-9008;caviplan@caviplan.org.ar;NULL;C1425BGV;NULL;NULL
CEBRACE;CEBRACE;45.070.190/0008-28;NULL;NULL;NULL;NULL;NULL;NULL;NULL;NULL;NULL;NULL;NULL;NULL;2022-11-14 19:06:13.000;" "
CEBRACE;CEBRACE;45.070.190/0005-85;NULL;NULL;NULL;NULL;NULL;NULL;NULL;NULL;NULL;NULL;NULL;NULL;2022-11-14 19:06:13.000;" "
CEBRACE;CEBRACE;45.070.190/0021-03;NULL;NULL;NULL;NULL;NULL;NULL;NULL;NULL;NULL;NULL;NULL;NULL;2022-11-14 19:06:13.000;NULL
CEBRACE;CEBRACE;45.070.190/0015-57;NULL;NULL;NULL;NULL;NULL;NULL;NULL;NULL;NULL;NULL;NULL;NULL;2022-11-14 19:06:13.000;NULL
CEBRACE;CEBRACE;45.070.190/0022-86;NULL;NULL;NULL;NULL;NULL;NULL;NULL;NULL;NULL;NULL;NULL;NULL;2022-11-14 19:06:13.000;NULL
CEBRACE;CEBRACE;45.070.190/0011-23;NULL;NULL;NULL;NULL;NULL;NULL;NULL;NULL;NULL;NULL;NULL;NULL;2022-11-14 19:06:13.000;" "
CEBRACE CRISTAL PLANO LTDA;CEBRACE;45.070.190/0002-32;AVENIDA;CRISTAL, 540;540;;JARDIM DAS INDÚSTRIAS;JACAREÍ;SP;BRASIL;(12) 2127-8000;barbara.nogueira@cebrace.com.br;BÁRBARA NOGUEIRA;12311-900;2024-10-01 19:59:15.007;" "
CEBRACE CRISTAL PLANO LTDA;;45.070.190/0001-51;AV.;DO CRISTAL,;540;;JD. DAS INDÚSTRIAS;JACAREÍ;SP;;;;;12311900;NULL;" "
"CEBRACE CRISTAL PLANO LTDA                           ";CEBRACE / S J CAMPOS;45.070.190/0011-23;;;;;;;;;;;;;2022-11-14 19:06:13.000;" "
"CEBRACE CRISTAL PLANO LTDA                           ";CEBRACE / SC;45.070.190/0008-28;;;;;;;;;;;;;2022-11-14 19:06:13.000;" "
"CEBRACE CRISTAL PLANO LTDA                           ";CEBRACE/CAÇAPAVA;45.070.190/0005-85;;;;;;;;;;;;;2022-11-14 19:06:13.000;" "
CENTER GLASS INDÚSTRIA E COMÉRCIO EIRELI;CENTER GLASS;21.146.020/0001-45;AVENIDA;"JOÃO COELHO DE ARAUJO ";1300;QD 34 LT 12 A15;SANTO AGOSTINHO;RIO VERDE;GO;BRASIL;(64) 3622-4123;sandro@centerglass.com.br;64 36224123;75904-720;2019-09-30 15:52:13.590;NULL
CENTERFLEX COMERCIO DE PROUTOS ARQUITETONICOS LTDA;CENTERFLEX LTDA;09.200.392/0001-07;QUADRA;QRSW 05 BLOCO A-03;306;;SETOR SUDOESTE;CRUZEIRO;DF;BRASIL;(61) 8157-8080;acertdf@gmail.com;MANOLO GUIMARAES;70675-503;2015-11-02 21:23:26.777;NULL
CENTRAL VIDROS E MOLDURAS LTDA;CENTRAL VIDROS;02.677.921/0001-19;QUADRA;15;S/N;LOTE 32 e 36 PARTE C ST INDUSTRIAL;SETOR INDUSTRIAL;CEILANDIA;DF;BRASIL;(61) 3379-1000;marcos@centralvidrosdf.com.br;MARCOS BASTOS;72265-150;2022-04-29 10:37:48.560;NULL
CENTRAL VIDROS INDUSTRIA DE ESQUADRIAS LTDA;CENTERVIDROS;21.107.945/0001-87;AV.;GOVERNADOR FLAVIO RIBEIRO COUTINHO,;1000;;VELAME;CAMPINA GRANDE;PB;BRASIL;83-3331-9339;sandrofarias@vidrocenterpb.com.br;SANDRO FARIAS;58420-445;NULL;NULL
CINEX INDUSTRIA DO MOBILIARIO LTDA;CINEX IND DO MOBILIARIO;93.993.731/0001-66;;CARLOS DREHER NETO;2700;;DISTRITO INDUSTRIAL;BENTO GONÇALVES;RS;BRASIL;(54) 3455-2222;cini@cinex.com.br;CÉSAR CINI;95700-000;NULL;NULL
CLARITY IMPORTAÇÃO E EXPORTAÇÃO DE VIDROS LTDA;CLARITY;04.950.182/0001-12;AVENIDA;PEDRO FRIGGI;465;.;CIDADE VISTA VERDE;SÃO JOSÉ DOS CAMPOS;SP;BRASIL;(12) 3203-4466;"andre@clarityglass.com.br ";"ANDRÉ DI CARLOS ";12223-430;2015-06-23 11:40:48.733;" "
CLIMAGLASS INDUSTRIA E COMERCIO DE VIDROS LTDA;CLIMAGLASS;16.678.601/0001-98;RUA;HERMANN KOCH,;261;;TESTO CENTRAL;POMERODE;SC;BRASIL;47-3387-7500;fernando.g@weiku.com.br;DIRETORIA;89107-000;NULL;" "
COLPANI IND. COM. E TRANSPORTE LTDA.;COLPANY VIDROS;03.389.268/0001-55;RUA;UBA - VISCONDE DO RIO BRANCO KM 3/4,;3140;;RODOVIÁRIO;UBA;MG;BRASIL;(32) 3539-1950;almircolpani@colpanytemper.com.br;ALMIR COLPANI;36500-970;2022-11-07 16:13:35.150;" "
"COMERCIO DE VIDROS E ESQUADRIAS BARATA TAVARES EIR   ";VBA TEMPER;24.510.344/0001-09;RUA;TEXACO;450;;DISTR. INDL. JD. PIEMONT NORTE;"MG - BETIM                    ";MG;BRASIL;(31) 9993-4144;brenotavaresvba@gmail.com;"DIRETORIA                                            ";32689-350;2022-11-01 19:12:54.457;NULL
COMÉRCIO DE VIDROS GLOBAL LTDA;GLOBAL;20.202.957/0001-28;QUADRA;ADE (ÁREA DE DESENVOLVIMENTO ECONÔMICO);conj. 13 - lote 38;LOJA 01;ADE (ÁREA DE DESENVOLVIMENTO ECONÔMICO);ÁGUAS CLARAS;DF;BRASIL;(61) 3027-0280;vidracariaglobal@gmail.com;DANIEL ESTRELA DE OLIVEIRA;71987-720;2019-04-02 19:45:16.597;NULL
"COMPANHIA BRASILEIRA DE VIDROS PLANOS - CBVP         ";VIVIX VIDROS PLANOS;10.858.291/0002-98;;;;;;;;;;;;;2022-11-14 19:06:13.000;NULL
"COMPANHIA BRASILEIRA DE VIDROS PLANOS - CBVP         ";VIVIX VIDROS PLANOS;10.858.291/0004-50;;;;;;;;;;;;;2022-11-14 19:06:13.000;NULL
"COMPANHIA BRASILEIRA DE VIDROS PLANOS - CBVP         ";VIVIX VIDROS PLANOS;10.858.291/0005-30;;;;;;;;;;;;;2022-11-14 19:06:13.000;NULL
CONLUMI INDÚSTRIA E COMÉRCIO DE VIDROS LTDA;;04.660.779/0001-22;RUA;PROF. CLEMENTE PASTORE,;115;;LAPA DE BAIXO;SÃO PAULO;SP;;;;;05038120;NULL;" "
"CONTAGEM ALUMÍNIO LTDA                               ";ARTE BOX TIETE/VIDRATI;05.280.940/0001-03;RUA;IBAITI;365;;"DARCY VARGAS                  ";"MG - CONTAGEM                 ";MG;BRASIL;31-3396-5671;compras@caaluminio.com.br;"NERY                                                 ";32372-210;NULL;S
CONTEMPER - VIDROS TEMPERADOS LTDA;CONTEMPER;14.201.666/0001-12;QUADRA;INDUSTRIAL DE VITÓRIA DA CONQUISTA;S/N;LOTE ÚNICO - CAIXA POSTAL 150;DISTRITO INDUSTRIAL;VITÓRIA DA CONQUISTA;BA;BRASIL;(77) 8812-0227;danilo@contemper.com.br;"DANILO ALVES ";45089-900;NULL;NULL
CONVIDROS IND. COM. IMP VIDROS HORTOLANDIA LTDA;FREITAS;52.906.690/0001-46;RUA;OSÓRIO CÂNDIDO DA SILVA;20;;JARDIM SUMAREZINHO;HORTOLÂNDIA;SP;BRASIL;(19) 3116-1200;catarina@vidrosfreitas.com.br;CATARINA LOPES;13185-013;2024-07-23 16:41:43.130;" "
COSMOS DISTRIBUIDORA DE VIDROS LTDA;"COSMOS ";25.035.551/0003-83;RODOVIA;BR 60;S/N;"ZONA RURAL - FAZENDA SALINAS ";CONDOMÍNIO ANHANGÜERA;GOIÂNIA;GO;BRASIL;(62) 4016-6433;julio@cosmos.ind.br;JÚLIO SÉRGIO NEVES;74484-644;2015-07-07 17:23:37.443;NULL
COVEB COM. DE VIDROS E ESPELHOS BORDUCHI LTDA.;COVEB;48.159.909/0001-13;AVENIDA;AV. ANTONIO ESTEVÃO DE CARVALHO;2500;;CIDADE PATRIARCA;SÃO PAULO;SP;BRASIL;(11) 2958-2250;"coveb@uol.com.br ";"SIDOVAL BORDUCHI JR ";03540-200;2015-06-24 15:25:59.463;" "
COVISERV COMERCIO DE VIDROS E SERVIÇOS LTDA;COVISERV;49.305.766/0001-73;RUA;"ANTONIO VERA CRUZ ";165;;CASA VERDE ALTA;SÃO PAULO;SP;BRASIL;(11) 3858-5000;dulcebairddefreitas@gmail.com;ADEMIR;02555-010;2022-06-01 08:48:53.457;NULL
CRANFOS EQUIP. COM. PARTIC. SERV. IND. DE CONTROLE AMBIENTAL;CRANFOS SOLUÇÕES AMBIEN;11.873.448/0001-36;RUA;MARIA CURUPAITI;441;"CONJ 5005 ";VILA ESTER;SÃO PAULO;SP;BRASIL;(11) 3392-1422;cpcomercial@cranfos.com.br;CLAUDIO PANICALI;02452-001;2019-10-25 12:21:04.687;NULL
CRISBAL COMERCIO DE VIDROS TEMPERADOS LTDA - ME;CRISBAL;08.599.024/0001-10;RUA;DAS MARGARIDAS;54;MORADA DA COLONIA II;COLÔNIA SANTO ANTÔNIO;BARRA MANSA;RJ;BRASIL;(24) 3323-3606;sergio@crisbalvidrostemperados.com.br;SERGIO MAGALHÃES;27353-050;2024-09-03 12:01:38.030;" "
"CRISTAL QUALITY LTDA                                 ";CRISTAL QUALITY;09.633.312/0001-07;AVENIDA;RAQUEL TEIXEIRA VIANA;S/N;;"CANAÃ                         ";"MG - SETE LAGOAS              ";MG;BRASIL;31-33859988;SERGIO@CRISTALQUALITY.COM.BR;"DIRETORIA                                            ";35700-293;NULL;" "
CRISTALIVE REPRESENTAÇÃO COMERCIAL LTDA;CRISTALIVE;07.889.196/0001-66;ESTRADA;DO GIRAU;800;;BOQUEIRÃO;SAQUAREMA;RJ;BRASIL;(22) 2651-4375;cristalive@ig.com.br;MICHAEL BORIS;28990-000;NULL;NULL
CRISTALMAIS BRASILIA INDUSTRIA COMERCIO E SERVIÇOS LTDA;CRISTALMAIS;37.149.127/0001-87;RUA;DE DESENVOLVIMENTO ECONÔMICO CONJUNTO 01;conjunto 1 lote 08;;ÁREA DE DESENVOLVIMENTO ECONÔMICO (ÁGUAS CLARAS);TAGUATINGA;DF;BRASIL;(61) 3362-7273;rnobrega@cristalmais.com.br;ROBERTO NÓBREGA;71985-000;2015-07-29 15:06:26.620;NULL
CRISTALSETE VIDROS TEMPERADOS LTDA;CRISTALSETE  VIDROS;03.196.363/0001-32;RUA;HAYDIO MIGUEL DE SOUZA;56;;PARQUE INDUSTRIAL ZONA NORTE;APUCARANA;PR;BRASIL;(43) 3420-7100;marcus@cristalsete.com.br;MARCUS AURELIUS PEZOTTI;86806-440;2024-06-04 16:58:04.443;" "
CRISTALVIDROS COM.REPRES.DE VIDROS LTDA;CRISTALVIDROS;38.076.634/0001-09;QUADRA;SCRN 704/705 BLOCO B;46;46;ASA NORTE;BRASÍLIA;DF;BRASIL;(61) 3347-5050;dimas@cristalvidrosweb.com.br;DIMAS;70730-620;2017-10-12 12:51:11.927;NULL
CVL TEMPERA DE VIDROS LTDA;;13.498.295/0001-10;VIA;PRIMARIA 05,;.;QD. 15, MODULOS 4/11, GALPÃO 01;DAIAG;APARECIDA DE GOIÂNIA;GO;;;;;74993470;NULL;" "
CYBERGLASS IND. E COM. DE VIDROS LTDA;CYBERGLASS;05.252.087/0002-99;AVENIDA;HENRY FORD;1268;;PARQUE DA MOOCA;SÃO PAULO;SP;BRASIL;(11) 2914-7211;jdseixas@cyberglass.com.br;DOMINGOS;03109-000;2024-10-01 11:38:22.947;" "
D&A VIDROS TEMPERADOS EIRELI;NEW GLASS RIO;37.169.767/0001-59;RUA;TRINTA E UM PAL 24477,;S/N;;CAMPO GRANDE;RIO DE JANEIRO;RJ;BRASIL;;;DIRETORIA;23097-690;NULL;NULL
D.M. INDUSTRIA E COMERCIO DE VIDROS LTDA;D.M. VIDROS;03.961.305/0001-58;RUA;PARTICULAR,;170;;CHÁCARA TRÊS MARIAS;CAMPINAS;SP;BRASIL;19-3216-5011;deborah.mc@dmvidros.com.br;DEBORAH PAIS CARDOSO SILVA;13067-703;NULL;" "
"DECORIDEA COM. DECORAÇÃO EM VIDROS LTDA              ";DECORIDEA;08.828.724/0001-30;RUA;LUIS MERENDA;555;;"CAMPANÁRIO                    ";"SP - DIADEMA                  ";SP;BRASIL;11-5562-0000;LUIZCLAUDIO@DECORIDEA.COM.BR;"DIRETORIA                                            ";09931-390;NULL;NULL
DECORVIDRO COMERCIAL DE VIDROS LTDA;DECORVIDRO;00.609.842/0001-45;AVENIDA;ÁREA DE DESENVOLVIMENTO ECONÔMICO CONJUNTO 20;"LOTE 06, ";;ÁREA DE DESENVOLVIMENTO ECONÔMICO (ÁGUAS CLARAS);TAGUATINGA;DF;BRASIL;(61) 3399-4466;celso@decorvidrodf.com.br;CELSO AZEVEDO JUNIOR;71989-300;NULL;NULL
DEKOR VIDROS LTDA;DEKOR VIDROS LTDA;06.276.930/0001-59;RODOVIA;MG 424;1085;;DISTRITO INDUSTRIAL;MATOZINHOS;MG;BRASIL;(31) 3712-5297;leonardo@dekorvidros.com.br;LEONARDO BRAZ;35720-000;2015-10-23 10:40:03.677;" "
"DELTA VIDROS LTDA ME                                 ";DELTA VIDROS;14.248.391/0001-72;RUA;PADRE LIBÉRIO;200B;;"FREI PAULO                    ";"MG - NOVA SERRANA             ";MG;BRASIL;37-32266990;DELTA_VIDROS@HOTMAIL.COM;"CRISTIANO DOS SANTOS RIBEIRO                         ";35519-000;NULL;NULL
DGLASS INDUSTRIA E COMERCIO DE VIDROS E FERRAGENS;DG GLASS;06.540.110/0002-03;RUA;JOAO PAULO I,;50;;PQ. INDUSTRIAL ARAUCARIA;SÃO PAULO;SP;BRASIL;(11) 1111-1111;danilorosagatto@hotmail.com;DANILO GATTO;07747-250;2022-05-19 17:42:45.457;NULL
DHARMA CONSULTORIA POLITICA E TREINAMENTO LTDA;PALESTRANTE;31.011.094/0001-28;QUADRA;SBS QUADRA 02;12;BLOCO E SALA 206 SOBRELOJA PARTE T17;ASA SUL;BRASILIA;DF;BRASIL;(61) 8143-4956;mbotelho@abravidro.org.br;MAURICIO BOTELHO;70070-120;2024-09-30 17:06:30.647;NULL
DIAMANFER FERRAMENTAS TÉCNICAS LTDA;DIAMANFER;57.119.042/0001-63;ESTRADA;ESTR. MUNICIPAL MASAKASU HAYASHIDA;1405;LT 1 GL B;RIBEIRÃO DOS PORCOS;ATIBAIA;SP;BRASIL;(11) 4412-2778;vendas@diamanfer.com.br;JOSÉ PEDRO RUIZ;12945-896;2024-06-25 14:39:59.133;" "
"DIAMANT SAS ";DIAMANT;5;NULL;VIA SASSARI, 29;NULL;NULL;NULL;TORINO;NULL;ITÁLIA;1111111111111111;salvatore.nunziata@diamant-it.com;NULL;"10152 ";2022-10-13 13:47:31.463;NULL
"DIAMANTE TÊMPERA DE VIDROS LTDA ";DIAMANTE VIDROS;56.695.711/0001-82;RUA;MACHADO DE ASSIS,;85/91;;SANTO ANTÔNIO;SÃO CAETANO DO SUL;SP;BRASIL;(11) 4224-3666;iara@diamantevidros.com.br;11944897981;09530-310;2022-11-01 19:41:59.490;NULL
DIP TECH LTD;DIP TECH;5;NULL;ST. 5 ATIR YEDA INDUSTRIAL PARK;NULL;NULL;NULL;KFAR SABA;NULL;ISRAEL;972-9-7908400;alex.kochen@ferro.com;NULL;44643;2019-08-05 11:27:49.777;NULL
DIP TECH LTD;DIP TECH / FERRO;8;NULL;ST. 5 ATIR YEDA INDUSTRIAL PARK;NULL;NULL;NULL;KFAR SABA;NULL;ISRAEL;972-9-7908400;alex.kochen@ferro.com;NULL;44643;2019-08-05 11:27:49.000;NULL
DIP TECH LTD;DIP TECH;7;NULL;ST. 5 ATIR YEDA INDUSTRIAL PARK;NULL;NULL;NULL;KFAR SABA;NULL;ISRAEL;972-9-7908400;alex.kochen@ferro.com;NULL;44643;2017-10-16 10:29:05.150;NULL
DIP-TECH;DIP-TECH;NULL;NULL;5 ATIR YEDA ST.;NULL;NULL;NULL;KFAR SABA;NULL;ISRAEL;+972.54.6840312;alexk@dip-tech.com;NULL;44643;NULL;NULL
DISK VIDROS LTDA;DISK VIDROS;03.046.101/0001-91;AV.;ITÁLIA,;528;;JD ITÁLIA;FRANCISCO BELTRAO;PR;BRASIL;46-3524-1517;diskvidros@diskvidros.com.br;PAULO FELIPPI;85603-494;NULL;" "
DISRUPT TREINAMENTO EIRELLI;PALESTRANTE;24.967.104/0001-38;AVENIDA;PARIGOT DE SOUZA;2550;;VILA INDUSTRIAL;TOLEDO;PR;BRASIL;(45) 8819-0826;carmen@zumbrazil.com.br;CARMEN LIPPI;85904-270;2019-08-21 09:56:57.673;NULL
DISTRIBUIDORA DE VIDROS BESCHIZZA (DVB);DVB VIDROS;55.959.100/0001-31;RUA;URUGUAI,;2530;;PQ. INDUSTRIAL TANQUINHO;RIBEIRÃO PRETO;SP;BRASIL;(16) 4009-1500;comercial@dvbvidros.com.br;"SERGIO ";14075-330;2019-09-24 23:28:06.300;" "
DISTRIBUIDORA DE VIDROS DEDO DE DEUS TERESÓPOLIS;"TEMPER DEDO DE DEUS ";05.726.132/0001-19;RUA;GUAICURUS;35;;JARDIM MEUDON;TERESÓPOLIS;RJ;BRASIL;(21) 2741-1414;vidrosdedodedeus@hotmail.com;RITA;25954-025;2019-04-03 17:24:18.883;S
DISTRIBUIDORA DE VIDROS MURIAÉ  LTDA;CRISTALTEMPER;02.074.194/0001-03;AVENIDA;ALVINO CARLOS DE SOUZA;100;CAIXA POSTAL 288;SOFOCÓ;MURIAÉ;MG;BRASIL;(32) 9841-4300;geraldojunior@cristaltemper.com.br;GERALDO JR;36888-253;2022-09-22 17:23:45.570;" "
DISTRIVIDROS DISTRIBUIDORA DE VIDROS LTDA;DISTRIVIDROS;08.018.225/0001-87;RUA;BENEDITO CORREIA PENHA,;350;;ARIBIRI;VILA VELHA;ES;BRASIL;(27) 3038-3800;arisson@distrividros.com.br;ARISSON;29120-311;2024-07-31 10:20:30.557;" "
DIVIBRAS COMERCIO DE VIDROS TEMP E METAIS BRASIL L;DIVIBRAS;72.823.461/0001-75;AV.;JOÃO PAULO I,;1701;;JARDIM MARACANÃ;SÃO PAULO;SP;BRASIL;11-3922-2448;daniel.inacio@divibras.com.br;VANESSA KAIRIS ANTÔN;02842-280;NULL;" "
DIVIMAX KANON INDÚSTRIA E COMÉRCIO DE VIDROS ESPELHOS LTDA;;12.939.804/0001-30;AV.;NEYDE MODESTO DE CAMARGO,;190;;CAMPO DOS AMARAIS;CAMPINAS;SP;;;;;13082040;NULL;" "
DIVINAL DISTR DE VIDROS NACIONAL LTDA;"DIVINAL VIDROS LTDA ";60.500.915/0005-11;AVENIDA;TORRES DE OLIVEIRA,;255;;JAGUARÉ;SÃO PAULO;SP;BRASIL;(11) 2827-2100;karol.leal@divinalvidros.com.br;KAROL LEAL;05347-020;2022-08-18 17:24:33.023;" "
DIVINAL MINEIRA VIDROS E ESPELHOS LTDA;;10.013.849/0001-53;AV.;PRESIDENTE JUSCELINO KUBISTCHECK,;10680;;- CALIFÓRNIA;BELO HORIZONTE;MG;;;;;30855450;NULL;S
DIVINAL VIDROS LTDA;DIVINAL VIDROS LTDA;NULL;NULL;AV TORRES DE OLIVEIRA, 255;NULL;NULL;NULL;SAO PAULO;SP;BRASIL;551128272100;fernando.passi@divinalvidros.com.br;NULL;05347020;NULL;NULL
DIVINAL VIDROS LTDA;DIVINAL VIDROS;NULL;NULL;AV TORRES DE OLIVEIRA, 255;NULL;NULL;NULL;SAO PAULO;SP;BRASIL;551128272100;fernando.passi@divinalvidros.com.br;NULL;05347020;NULL;NULL
DIVINE VIDROS DE SEGURANÇA LTDA;"DIVINE VIDROS ";04.408.172/0001-50;RUA;BAMBUÍ,;370;;SANTO ANTÔNIO;DIVINÓPOLIS;MG;BRASIL;"(37) 3512-9001 ";"ernane.santos@divinevidros.com.br ";;35502037;NULL;NULL
DIVISAGLASS DISTRIBUIDORA VIDROS SALVADOR LTDA;DIVISAGLASS;11.568.211/0001-41;RUA;"JOAQUIM FERREIRA ";1212;;JARDIM DAS MARGARIDAS;SALVADOR;BA;BRASIL;(71) 3612-7400;renata@divisaglass.com.br;RENATA CINTRA;41502-200;2019-09-06 14:04:30.597;NULL
DM STADTLOBER;DANIEL MENDES;07.862.855/0001-70;AVENIDA;CINDERELA;1629;;JARDIM GURILANDIA;TAUBATE;SP;BRASIL;(12) 9740-3672;daniel@dmsantos.com.br;DANIEL;12071-500;2019-03-16 12:03:10.343;NULL
DONATO ARAUJO COMERCIO DE VIDROS LTDA;"VIDRAÇARIA BAHIA ";32.636.979/0001-85;AVENIDA;"SENADOR NILO COELHO ";199;VIDRACARIA BAHIA;"CENTRO ";GUANAMBI;BA;BRASIL;(77) 3451-1576;vidracariabahia@vidracariabahia.com.br;GLAUCIA DA CRUZ ARAUJO;46430-000;2024-06-04 09:11:54.527;NULL
DORMA SISTEMAS DE CONTROLE PARA PORTAS LTDA;;61.499.281/0001-63;AV.;PIRACEMA,;1.400;;TAMBORÉ;BARUERI;SP;;;;;06460933;NULL;NULL
DOURAGLASS IND. E COM. DE VIDROS LTDA;DOURAGLASS - MS;07.210.771/0001-52;RUA;CEL. FRANCISCO ROCHA JUNIOR,;60;;JD. MARCIA;DOURADOS;MS;BRASIL;(67) 3424-0099;carlos@glassbox.com.br;CARLOS ROBERTO DE OLIVEIRA;79841-380;NULL;" "
"DUPONT DO BRASIL S.ª ";DUPONT;61.064.929/0001-79;ALAMEDA;ITAPECURU;506;;ALPHAVILLE INDUSTRIAL;BARUERI;SP;BRASIL;(11) 4166-8299;elisangela.l.teodoro@dupont.com;ELISANGELA TEODORO;06454-080;NULL;NULL
DURAES E CUNHA LTDA;DEC TEMPER;24.354.990/0001-24;AVENIDA;DOUTOR MARIO TOURINHO;3100;;INDEPENDÊNCIA;MONTES CLAROS;MG;BRASIL;(38) 4009-9990;junior@dectemper.com.br;LUIS CARLOS DUARES;39404-393;2019-10-09 17:01:46.140;" "
DVM-DISTRIBUIDORA DE VIDROS MARANHÃO LTDA;DVM-VIDROS TEMPERADOS;00.840.969/0001-70;RODOVIA;BR 010, KM 244;s/n;KM 244;CONJ. NOVA VITORIA;IMPERATRIZ;MA;BRASIL;(99) 3524-2321;dvm.vidros@hotmail.com;ZENIR LUÍS KNORST;65915-050;2022-07-13 15:39:19.833;NULL
E. UAMARAL VIDROS & ACESSÓRIOS, IMP., IND. & COM. LTDA;VIDROS ALUMÍNIOS CRISTA;26.030.751/0001-44;RUA;UBATUBA,;21;SALA 14;MORADA DAS LARANJEIRAS;SERRA;ES;BRASIL;(27) 9971-3301;rvtemper@hotmail.com;UELITON;29166-845;2019-10-01 17:59:28.960;NULL
EASTMAN CHEMICAL COMPANY;EASTMAN;NULL;NULL;RUA CAPITÃO FRANCISCO LIPI 529;NULL;NULL;NULL;SAO PAULO;NULL;BRASIL;11965843578;ifcamp@eastman.com;NULL;02243000;2019-10-24 14:04:06.920;NULL
EASTMAN CHEMICAL DO BRASIL;"EASTMAN CHEMICAL ";50.606.573/0001-31;RUA;ALEXANDRE DUMAS;1771;CJ701;CHÁCARA SANTO ANTÔNIO (ZONA SUL);SÃO PAULO;SP;BRASIL;(11) 3579-1800;dmoliterno@eastman.com;DANIEL DUTRA MOLITERNO;04717-004;2017-09-26 11:24:03.153;NULL
ECCONIT CONSULTORIA ECONOMICA;PALESTRANTE;15.833.850/0001-48;AVENIDA;PRESIDENTE VARGAS;446;GRP 1404;CENTRO;RIO DE JANEIRO;RJ;BRASIL;(11) 8111-3221;mbotelho@abravidro.org.br;MAURICIO BOTELHO;20071-000;2024-10-04 18:05:06.113;NULL
EIRICH INDUSTRIAL LTDA;EIRICH;43.773.720/0001-00;ESTRADA;VELHA DE ITÚ;1500;.;JARDIM ALVORADA;JANDIRA;SP;BRASIL;(11) 4619-8900;elen.mancini@eirich.com.br;ELEN MANCINI;06612-250;2017-10-17 14:28:30.397;NULL
ELACE GLASS TEMPER FABRICACAO E DISTRIBUIDORA LTDA;ELACE GLASS TEMPER;33.498.010/0001-58;RUA;DOUTOR SANTOS DUMONT;137;GALPAO;BANANEIRAS;ARARUAMA;RJ;BRASIL;(22) 2667-3385;gabriel@elaceglass.com.br;GABRIEL LEANDRO;28971-653;2022-10-21 13:19:17.437;NULL
ELETROGLASS TÊMPERA INDÚSTRIA DE VIDROS LTDA;;09.090.089/0001-07;RUA;KREBSFER,;274;- CAIXA POSTAL 665;MACUCO;VALINHOS;SP;;;;;13279450;NULL;NULL
EM VIDROS INDÚSTRIA E COMÉRCIO LTDA;EM VIDROS;17.587.823/0001-68;RUA;DO CAMPO;100;;ITAPEUA;RAPOSA;MA;BRASIL;(98) 8111-4004;eric@emvidros.com.br;ERIC MURAD;65138-000;2019-04-22 11:20:11.130;" "
EMS CONSULTORIA EMPRESARIAL LTDA;EMS CONSULTORIA;11.365.553/0001-64;RUA;CANUTAMA;218;NULL;VILA BARROS;GUARULHOS;SP;BRASIL;(11) 2358-6136;esilva@abravidro.org.br;"EDWEISS MIGUEL E SILVA ";07192-150;2015-08-05 14:07:27.000;NULL
ENG. VIEIRA;ENG. VIEIRA;NULL;RUA;DOUTOR BACELAR;395;NULL;VILA CLEMENTINO;SÃO PAULO;SP;BRASIL;(11) 5539-4099;jpvieira@uol.com.br;NULL;04026-001;NULL;NULL
ERICA BELON ESCOLA DE NEGOCIOS LTDA;PALESTRANTE;16.580.936/0001-79;AVENIDA;PLAZA;6;SALA 302 E 307 EDIF CAMPUS OFFICES;JARDIM PARAÍSO;ITU;SP;BRASIL;(11) 2429-7924;mbotelho@abravidro.org.br;MAURICIO BOTELHO;13302-100;2024-09-30 15:13:55.273;NULL
ESTRELA VIDROS - KLAIER SA INDÚSTRIA E COMÉRCIO;ESTRELA VIDROS;28.058.915/0001-77;RUA;SANTA TEREZA,;117;LOJA;IBES;VILA VELHA;ES;BRASIL;(27) 2124-7500;nicea@estrelavidros.com.br;NICEA BORTOLOTTI;29108-825;2015-09-30 09:20:58.740;NULL
"EURO VIDROS INDUSTRIA E COMERCIO DE VIDROS EIRELI ";EURO VIDROS;27.215.477/0001-40;RUA;VISCONDE DE SAO LEOPOLDO;740;LADO IMPAR;ENGENHO DO MEIO;RECIFE;PE;BRASIL;(81) 3272-6260;gerencia@eurovidrospe.com.br;MARCOS BELARMINO;50730-121;2019-10-10 15:57:43.400;NULL
EVERLAM;EVERLAM N.V.;NULL;NULL;SCHALIENHOEVEDREEF 20D;NULL;NULL;NULL;MECHELEN;NULL;BÉLGICA;+32475411246;luc.moeyersons@everlam.com;NULL;2800;2015-09-29 12:12:32.357;NULL
EXTRA GLASS INDUSTRIA E COMERCIO DE VIDROS EIRELI;EXTRAGLASS;13.189.769/0001-41;AV.;BERNARDO MANUEL,;9352;;DENDÊ;FORTALEZA;CE;BRASIL;;;ANTONIO EXPEDITO OLIVEIRA DA S;60761-282;NULL;NULL
F P COM SERV VIDROS  FERR E ACESS LTDA;"VIDRAÇARIA CANAÃ GLASS ";12.512.483/0001-92;AVENIDA;BENJAMIM BRASIL;1310;VIZINHO A MECABRAAS;MONDUBIM;FORTALEZA;CE;BRASIL;(85) 3023-2373;vidracaria@canaaglass.com.br;SHEILA GOMES;60711-442;NULL;NULL
F S SALDANHA RECICLAGEM EIRELI;FS SALDANHA;33.220.423/0001-76;RUA;GOIAS;197;CASA;ITAPOA;VILA VELHA;ES;BRASIL;(27) 9998-2832;fssaldanhareciclagem@gmail.com;SILVERIO SILVA;29101-580;2024-05-09 15:16:02.340;NULL
FABIANA APARECIDA SANTOS BATISTA;SETOR VIDREIRO;13.763.232/0001-43;RUA;MAGNÓLIA MOREIRA MOTA;12;;RESIDENCIAL SANTA PAULA ;JACAREÍ;SP;BRASIL;(12) 3958-2063;gabriel@setorvidreiro.com.br;GABRIEL BATISTA;12302-236;2017-11-01 13:38:37.547;NULL
"FANTÁSTICO VIDROS EIRELI                             ";VIDRALIA;26.711.428/0001-36;RUA;VICENTINO JOSE HERCULANO;284;;"INDUSTRIAL                    ";"MG - CONTAGEM                 ";MG;BRASIL;(31) 9849-2765;wallison@vidralia.com.br;"WALLISON DO NASCIMENTO PEREIRA                                    ";32220-320;2022-08-23 16:59:07.137;" "
FENZI ARGENTINA SA;FENZI ARGENTINA;NULL;NULL;OTERO, 140;NULL;NULL;NULL;"BUENOS AIRES ";NULL;ARGENTINA;2487-0707;p.soifer@fenzisouthamerica.com;NULL;1427;NULL;NULL
FERNANDES PEREIRA REP E COM LTDA;ESTRUTURAL VIDROS;26.459.255/0002-91;RUA;SH VICENTE PIRES;03;CHACARA 95;VICENTE PIRES;BRASÍLIA;DF;BRASIL;(61) 3213-6200;edgar@estruturalvidros.com.br;EDGAR;72005-830;NULL;NULL
FERNANDES PEREIRA REPRESENTAÇÕES E COMÉRCIO LTDA;ESTRUTURAL VIDROS;26.459.255/0001-00;RUA;3 CHÁCARA 95;95;SETOR HABITACIONAL VICENTE PIRES;VICENTE PIRES;BRASÍLIA;DF;BRASIL;(61) 3213-6200;edgar@estruturalvidros.com.br;EDGAR;72005-830;2024-07-31 17:06:53.207;" "
FERNANDO GOULART CLEMENTE DOS SANTOS;WF DISTRIBUIDORA;45.904.057/0001-53;RUA;ASSIS BRASIL;41;;BROOKLIN;SÃO PAULO;SP;BRASIL;(11) 9516-4574;jaimegiovana2018@hotmail.com;JAIME;04601-010;2022-11-14 10:26:08.303;NULL
FERRO ENAMEL DO BRASIL IND. E COM. LTDA;"FERRO ENAMEL ";NULL;RUA;FLORINDO CIBIN,;6.500;;SÃO JERÔNIMO;AMERICANA;SP;BRASIL;(19) 2108-9900;paulo.carvalho@ferro.com;PAULO CÉSAR FERREIRA DE CARVALHO;13470-437;NULL;NULL
FERRO ENAMEL DO BRASIL IND. E COM. LTDA;"FERRO ENAMEL ";59.272.849/0001-67;RUA;FLORINDO CIBIN - DE 4301/4302 AO FIM;6500;;PARQUE LIBERDADE;AMERICANA;SP;BRASIL;(19) 2108-9900;paulo.carvalho@ferro.com;PAULO;13470-437;2017-08-29 13:58:17.310;NULL
FINOGLAS MAQUINAS LTDA;FINOGLAS;34.691.798/0001-87;AVENIDA;BRASIL;130;SALA 04;JARDIM NOVA VENEZA (NOVA VENEZA);SUMARE;SP;BRASIL;(11) 9976-0449;rodrigo@finoglas.com;RODRIGO DA SILVA ADÃO;13177-050;2022-11-07 17:00:37.517;NULL
FL RODRIGUES E CIA LTDA;VITRAL BOX;11.176.122/0001-50;QUADRA;112 SUL RUA SR 9;LOTE 16;;PLANO DIRETOR SUL;PALMAS;TO;BRASIL;(63) 3225-3231;iratasetubal@vitralboxrev.com.br;IRÁTA;77020-178;2017-09-11 17:46:10.437;NULL
FLASH GLASS INDUSTRIA, BENEFICIAMENTO E COMERCIO D;FLASH GLASS;37.497.469/0001-98;RUA;VERGUEIRO;5716;.;VILA FIRMIANO PINTO;SÃO PAULO;SP;BRASIL;(11) 7338-6265;patricia@flashglass.ind.br;"PATRÍCIA LACANNA ";04272-000;2022-10-20 10:58:54.180;NULL
"FMR SOLUCOES CONSULTORIA E GESTAO EMPRESARIAL ";FMR SOLUÇÕES;55.939.045/0001-18;RUA;SABIÁ;99;;BOSQUE DO VIANNA;COTIA;SP;BRASIL;(11) 4617-3780;halimabud@gmail.com;ADVOGADO;06711-140;2022-06-23 13:36:03.207;NULL
FOREL S.P.A.;FOREL S.P.A. - ITALIA;NULL;NULL;VIA PER MONASTIER, 4;NULL;NULL;NULL;VALLIO DI RONCADE;NULL;ITÁLIA;0422840507;ambrogio.mastrodomenico@forelspa.com;NULL;31056;NULL;NULL
FOREL SPA;FOREL SPA;9;NULL;VALLIO DI RONCADE;NULL;NULL;NULL;TREVISO;NULL;ITÁLIA;39 0422 840507;giovanni.quarti@it.forelspa.com;NULL;00031-056;2019-10-31 11:52:03.050;NULL
"FUNCIONAL COM DE VIDROS E PRODUTOS DE DECORAÇÃO LT   ";A FUNCIONAL - VIDROS;04.831.538/0001-07;AVENIDA;JOSEFINO GONÇALVES DA SILVA;335;;"GOIÂNIA                       ";"MG - BELO HORIZONTE           ";MG;BRASIL;31-34821100;FUNCIONALBH@IG.COM.BR;"ELENICE MARIA RIBEIRO                                ";31950-020;NULL;S
G-U DO BRASIL IMPORTAÇÃO E COMÉRCIO DE FERRAGENS E FECHADURAS LTDA.;G-U DO BRASIL;09.167.406/0001-38;RUA;VIGÁRIO ALBERNAZ;888;;VILA GUMERCINDO;SÃO PAULO;SP;BRASIL;(11) 5061-8121;pedro@g-udobrasil.com.br;PEDRO MATTA;04134-021;NULL;NULL
GARANTE INDÚSTRIA DE VIDROS LTDA;;53.578.126/0001-04;R.;DOS FRANCISCANOS,;20;;JD. SANTO ANDRÉ;SANTO ANDRÉ;SP;;;;;09132460;NULL;S
GDI DO BRASIL COM E ASSIST TECNICA LTDA;GDI DO BRASIL;09.573.326/0001-82;RUA;MARIA OSCARLINA FUMACHI NARDI;121;;LOTE EMPRESÁRIAL ADELMO CORRADINI;ITATIBA;SP;BRASIL;(11) 4524-6564;priscila@gdidobrasil.com;"PRISCILA MARTINS ";13257-590;NULL;NULL
GEMINI INDUSTRIA E TECNOLOGIA LTDA-EPP;INTELLIGGLASS;13.268.790/0001-32;AVENIDA;BRIGADEIRO FARIA LIMA;2152;7º ANDAR - CONJ 7C;JARDIM PAULISTANO;SÃO PAULO;SP;BRASIL;(11) 3052-0827;fabio@intelliglass.com.br;FABIO BUSSAB SALIBA;01451-000;2017-08-24 13:52:58.033;NULL
GENERAL GLASSES COMERCIO IMPORTACAO E EXPORTACAO D;GENERAL GLASSES;16.610.854/0001-20;AVENIDA;"PLÍNIO BRASIL MILANO ";757;CONJUNTO 1002;AUXILIADORA;PORTO ALEGRE;RS;BRASIL;(51) 3388-7080;regis@generalglasses.com;REGIS;90520-002;2022-10-19 23:05:34.263;NULL
GENILSON OLIVEIRA SANTOS EIRELI;"VITÓRIA VIDROS ";34.263.085/0001-12;;INDUSTRIAL FIRMINO DA SILVEIRA SOARES,;5750;;PEDRA MIUDA;TERESINA;PI;BRASIL;(89) 9887-2112;glaucio.roniere@gmail.com;GENILSON OLIVEIRA SANTOS;64038-100;2022-11-11 12:16:29.330;" "
GESTÃO DE INDÚSTRIA NACIONAL DE VIDROS, LDA;GINAV,LDA-INDÚSTRIA NAC;NULL;NULL;AV. SAMORA MACHEL 172;NULL;NULL;NULL;MATOLA;NULL;MOÇAMBIQUE;+258 21 721 812;info@ginav.co.mz;NULL;4048;NULL;NULL
GL INDUSTRIA DE VIDROS LTDA;TRANSFORME VIDROS;20.703.662/0001-35;RODOVIA;BR-101;800;KM 01;AMPARO;SANTO ANTÔNIO DE JESUS;BA;BRASIL;(75) 3631-6708;georgiatvt@gmail.com;GEORGIA PEREIRA;44572-610;NULL;NULL
GLASS BEL TECNOLOGIA EM VIDROS EIRELI;GLASS BEL TECNOLOGIA;16.834.447/0001-04;RUA;GRACYRA RESSE DE GOUVEIA;1514;;DISTR. INDL. JD. PIEMONT NORTE;MG-BETIM;MG;BRASIL;31- 3370-8600;rosangeka@glassbel.com.br;ROSANGELA /ALAN QUILDARE;32689-372;NULL;NULL
GLASS CAMP INDUSTRIA E COMERCIO DE VIDROS LTDA;GLASS CAMP;17.973.757/0001-64;RUA;UM,;109;;SANTA TEREZINHA;PAULINIA;SP;BRASIL;19-3246-0205;gestao@glasscamp.com.br;ANA FLAVIA CAVENAGHI;13148-133;NULL;" "
GLASS FORT INDUSTRIA E COMERCIO DE VIDROS LTDA;PILAR GLASS;07.485.305/0001-80;RUA;JOÃO EUCLIDES CORTEZ,;400;;JARDIM ESPERANÇA;BARUERI;SP;BRASIL;11-3834-7000;roberto@pilarglass.com.br;ROBERTO IBANEZ;06413-050;NULL;" "
GLASS SERV COML DE VIDROS LTDA;INTERBOX;05.127.219/0001-70;AVENIDA;DAS ARAUCÁRIAS - DE 3621/3622 A 4724;4455;;THOMAZ COELHO;ARAUCÁRIA;PR;BRASIL;(41) 2108-1000;rh@interbox.com.br;JOSIANE;83707-065;2015-09-23 09:44:19.873;NULL
GLASS TEMPER BAZAR E VIDRAÇARIA LTDA;;03.622.733/0001-56;R.;CORONEL TAMARINDO,;2.075-A;GALPÃO;BANGU;RIO DE JANEIRO;RJ;;;;;21840446;NULL;NULL
GLASS TEMPER SUL IND. E COM.DE VIDROS LTDA;GLASS TEMPER SUL;17.035.997/0001-18;RUA;1851;200;;MAIRA;PINHEIRAL;RJ;BRASIL;24-3356-5564;lita@glasstemper.com.br;FERNANDO PIRES VALE;27197-000;NULL;" "
"GLASS VALE IND E COM DE VIDROS                       ";GLASS VALE;11.164.128/0001-07;AVENIDA;DOUTOR SEBASTIÃO HENRIQUE DA CUNHA PONTES;8000;;"CHÁCARAS REUNIDAS             ";"SP - SAO JOSE DOS CAMPOS      ";SP;BRASIL;12-2134-4800;alves@glassvale.com.br;"ANTÔNIO CÂNDIDO                                      ";12238-365;NULL;S
GLASS VETRO COM.VIDROS E ACESSORIOS LTDA;CENTERFLEX;66.113.580/0001-31;RUA;CURTUME;274;NULL;LAPA DE BAIXO;SÃO PAULO;SP;BRASIL;(11) 3124-4000;mkt@glassvetro.com.br;FLAVIA LIBONATTI;05065-001;2015-11-13 09:18:01.000;NULL
GLASSEC VIDROS DE SEGURANÇA LTDA;GLASSECVIRACON;66.830.332/0001-01;RODOVIA;DOM PEDRO I KM 58,5;s/n;;SERRA NEGRA;NAZARÉ PAULISTA;SP;BRASIL;(11) 4597-8100;lais.gomes@glassecviracon.com.br;LAIS;12960-000;2019-10-15 11:11:31.567;" "
"GLASSEC VIDROS DE SEGURANÇA LTDA ";;66.830.332/0002-92;R.;MARAMBAIA;424;9º ANDAR - CJ. 91 A 95;CASA VERDE;SÃO PAULO;SP;;;;;02513000;NULL;NULL
GLASSMAQ SUPRIMENTOS E MAQUINAS PARA VIDROS LTDA - ME;"GLASSMAQ ";21.539.587/0001-81;AVENIDA;"DR. ANTONIO ALVARO ";330;SALA 32;VILA ASSUNÇÃO;SANTO ANDRÉ;SP;BRASIL;(11) 4903-6603;comercial@glassmaq.com.br;CAROLINA CARNEVALI SATOLO;09030-520;2022-08-02 14:49:29.000;NULL
GLASSMAXI INDUSTRIA E COMERCIO DE VIDROS LTDA;"GLASSMAXI ";09.720.150/0001-44;RUA;"JORNALISTA ANTÔNIO PONTES TAVARES, ";809;;JANGURUSSU;FORTALEZA;CE;BRASIL;(85) 3474-0613;hamiltonmaximo@glassmaxi.com.br;HAMILTON;60864-590;2019-10-21 16:35:05.850;" "
GLASSPARTS COMPONENTES PARA IND. DO VIDRO EIRELE;GLASSPARTS;20.392.800/0001-02;RUA;JACOFER;382;;JARDIM PEREIRA LEITE;SÃO PAULO;SP;BRASIL;(11) 3922-8000;ricardo.costa@glassparts.com.br;RICARDO COSTA;02712-070;2024-10-04 13:18:55.747;" "
GLASSPEÇAS IND. E COM. LTDA.;GLASSPEÇAS;02.344.640/0001-44;RUA;ALTO DO BONFIM;328;;VILA SANTA CATARINA;SÃO PAULO;SP;BRASIL;(11) 5670-9900;denise@glasspecas.com.br;DENISE FONSECA;04382-070;2024-06-24 15:00:22.157;NULL
GLASTON BRASIL LTDA;GLASTON;03.834.640/0001-95;TRAVESSA;CLÁUDIO ARMANDO;171;GALPÃO 21;CHÁCARA  DUBLIN PAULISTA;SÃO BERNARDO DO CAMPO;SP;BRASIL;(11) 4061-6511;carolina.toffoli@glaston.net;CAROLINA;09861-730;2019-06-12 15:28:30.497;NULL
GLASTRONIC;GLASTRONIC;NULL;ALAMEDA;PATATIVA;165;;MORADA DOS PÁSSAROS;BARUERI;SP;BRASIL;(11) 4192-4566;e.saler@terra.com.br;ERIC SALER;06428-290;NULL;NULL
GLOBAL TEMPER INDÚSTRIA E COMÉRCIO DE VIDROS LTDA;GLOBAL TEMPER;12.598.196/0001-47;RUA;MARCILIO JOÃO DA COSTA;571;;SANTA CRUZ;SANTO ANTÔNIO DOS CAMPOS;MG;BRASIL;(37) 3214-6117;marcos@globaltemper.com.br;MARCOS VINICIUS SILVA;35500-970;2015-07-02 16:56:47.777;S
GLOBRAL COMERCIO INTERNACIONAL LTDA;GLOBRAL COM. INTERN.;08.913.814/0001-29;RUA;MANOEL VIEIRA GARÇÃO;10;SALA 1001 E 1002;CENTRO;ITAJAÍ;SC;BRASIL;(47) 3046-1022;renato.vicelli@globral.com;RENATO CEZAR VICELLI;88301-425;2024-10-04 13:14:47.020;NULL
GNS COMERCIO LTDA;ALUSUPRA ALUMINIO;00.756.110/0001-88;RUA;ORLANDO TANCREDO,;274;;CENTRO;PALHOCA;SC;BRASIL;48-3242-3473;gns@terra.com.br;GUSTAVO NOE FARIAS;88131-210;NULL;" "
GOIÁS VIDROTEMPER LTDA;GOVIDROS;09.298.834/0001-08;AVENIDA;ADERUP;130;QUADRA 219, LOTE 01E;CIDADE JARDIM;GOIÂNIA;GO;BRASIL;(62) 3572-9999;alessandro@goiastemper.com.br;ALESSANDRO ALBERTO DE ALMEIDA;74423-050;NULL;NULL
GOVIDROS COMERCIAL GOIÂNIA DE VIDROS LTDA;GOVIDROS;02.104.503/0001-32;RUA;ADERUP,;35;;CIDADE JARDIM;GOIÂNIA;GO;BRASIL;(62) 3558-5066;"simone@govidros.com.br ";"MOACIR CARVALHO ";74423-050;2015-06-19 14:23:58.697;" "
GTI LOG S/A;GTI LOG;09.721.487/0001-76;AVENIDA;JOÃO RAMALHO,;1504;A;PARQUE SÃO VICENTE;MAUA;SP;BRASIL;(11) 4512-6000;paulo.souza@gtilog.com.br;PAULO SOUSA;09371-520;2022-08-08 10:38:04.213;NULL
GTI-LOG TRANSPORTES E LOGISTICA;GTI-LOG;57.543.795/0001-00;AVENIDA;JOÃO RAMALHO;1504;;VILA NOEMIA;MAUÁ;SP;BRASIL;(11) 4512-6000;p.souza@gtilog.com.br;PAULO ROBERTO DE SOUSA;09371-520;2017-10-26 11:32:51.290;NULL
GUAPORÉ IND. E COM. VIDROS LTDA;;07.328.256/0001-71;AV.;GUAPORÉ, LOTE;400;QUADRA 999;TRÊS MARIAS;PORTO VELHO;RO;;;;;78918791;NULL;" "
GUARDIAN;GUARDIAN;01.410.577/0003-04;NULL;NULL;NULL;NULL;NULL;NULL;NULL;NULL;NULL;NULL;NULL;NULL;2022-11-14 19:06:13.000;" "
GUARDIAN;GUARDIAN;01.410.577/0005-68;NULL;NULL;NULL;NULL;NULL;NULL;NULL;NULL;NULL;NULL;NULL;NULL;2022-11-14 19:06:13.000;" "
GUARDIAN DO BRASIL VIDROS PLANOS LTDA;GUARDIAN DO BRASIL;01.410.577/0007-20;AVENIDA;"ANTONIO ARTIOLI ";570;SWISS PARK FLIMS B2 CONJ 23 AO 34 CONJ 36 38 40 42;SWISS PARK;CAMPINAS;SP;BRASIL;(24) 3355-9071;salves@guardian.com;SILVIA CATUSSO;13049-900;2024-10-02 20:41:34.967;" "
"GUARDIAN DO BRASIL VIDROS PLANOS LTDA ";GUARDIAN;01.410.577/0001-34;RUA;FERNANDO BERNARDELLI;2000;;CENTRO;PORTO REAL;RJ;BRASIL;(11) 5505-6659;cprado@guardian.com;ALAN;27570-000;2022-09-12 17:30:43.437;" "
"GUARDIAN DO BRASIL VIDROS PLANOS LTDA                ";GUARDIAN TATUÍ/SP;01.410.577/0005-68;;;;;;;;;;;;;2022-11-14 19:06:13.000;" "
"GUARDIAN DO BRASIL VIDROS PLANOS LTDA                ";GUARDIAN (ESCRIT/SP);01.410.577/0003-04;;;;;;;;;;;;;2022-11-14 19:06:13.000;" "
GUARU TEMPER INDUSTRIA E COMERCIO DE VIDROS;GT VIDROS;40.667.380/0001-37;ESTRADA;VELHA GUARULHOS-SAO MIGUEL;2570;.;JARDIM ARAPONGAS;GUARULHOS;SP;BRASIL;(11) 5242-9790;jmatos.adv19@hotmail.com;JAILTON GOMES MATOS;07210-250;2024-10-23 19:06:18.283;" "
GUILHERME BERALDO LOPRETO - ME;FVT FERRAGENS E ACESSOR;22.509.125/0001-84;RUA;BARBARA HELIODORA;256;.;UTINGA;SANTO ANDRE;SP;BRASIL;(11) 2866-6008;guilherme@fvtacessorios.com.br;GUILHERME BERALDO LOPRETO;09220-340;2024-10-02 15:56:32.630;NULL
GUSMÃO VIDROS COM. SERV. LTDA;GUSMÃO REPRESENTAÇÕES;00.617.820/0001-27;RUA;SITIANTES;325;;VILA ITABERABA;SÃO PAULO;SP;BRASIL;(11) 3998-2020;neide@gusmao.com.br;"YVERALDO GUSMÃO ";02737-000;2024-05-20 11:31:22.240;" "
GVT COMERCIO DE VIDROS LTDA;GVT VIDROS;39.719.917/0001-86;AVENIDA;ELDORADO;179;.;VILA GEPINA;ITAQUAQUECETUBA;SP;BRASIL;(11) 4732-9300;geni.ts@hotmail.com;JOSÉ ERIVALDO DE SANTANA;08577-020;2024-10-24 18:56:10.977;NULL
HAPPINESS CONSULTORIA E EVENTOS EIRELI;HAPPINESS;25.069.470/0001-32;RUA;"PROFESSOR PEDRO VIRIATO PARIGOT DE SOUZA ";3901;BLOCO 1 CJ 183;NULL;CURITIBA;PR;BRASIL;NULL;contato@gustavoarns.com.br;NULL;81540-160;2022-08-01 14:54:18.000;NULL
"HEBER JERONIMO VERVLOET DUTRA 35569387668            ";HJVD VIDROS E SERVICOS;35.297.419/0001-31;RUA;GENERAL ANDRADE NEVES;11;;"GUTIERREZ                     ";"MG - BELO HORIZONTE           ";MG;BRASIL;31-3351-2002;heberbhz@gmail.com;"HEBER JERÔNIMO                                       ";30441-011;NULL;NULL
HEDRON ENGENHARIA S.A;HEDRON;11.831.943/0001-82;RUA;DOUTOR ALEXANDRE GUTIERREZ;145;;ÁGUA VERDE;CURITIBA;PR;BRASIL;(41) 3023-1121;leticiamacedo@hedron.com.br;LETICIA MACEDO;80240-130;2015-07-31 16:37:50.887;NULL
HEYDT FACHADAS E VIDROS LTDA;HEYDT ESQUADRIAS;33.176.214/0001-72;RUA;PAULINO FRANCISCO DE OLIVEIRA;316;FUNDOS;CENTRO;MARAVILHA;SC;BRASIL;(49) 3664-0599;contato@esquadriasefachadas.com.br;JESSICA COAN;89874-000;2024-10-11 09:43:12.957;S
HL FERRAGENS & ACESSORIOS EIRELI;HL FERRAGENS;34.475.440/0001-17;AVENIDA;PANDIA CALOGERAS;460;;JARDIM MONTANHEZ;"MG - BELO HORIZONTE           ";MG;BRASIL;31-2520-2928;financeiro@hlferragens.combr;DILMA ALVES;30750-130;NULL;NULL
IBELQ - INST. BELTRAME DA QUALIDADE, PESQUISA E CERTIFICAÇÃO;IBELQ;20.053.698/0001-10;AVENIDA;PREF. DONALD SAVAZONI;927;;NOVA CAIEIRAS;CAIEIRAS;SP;BRASIL;(11) 4442-3779;karina@ibelq.org.br;KARINA RAGO;07704-055;2024-09-17 12:34:43.927;" "
IBEROGLASS DO BRASIL LTDA;IBEROGLASS;09.199.945/0001-59;RODOVIA;DOS MINÉRIOS;2420;;TABOÃO;CURITIBA;PR;BRASIL;(41) 3354-5487;julioguidolin@gmail.com;JÚLIO CESAR GUIDOLIN;82130-570;2017-11-01 13:46:20.143;NULL
IDEAL TEMPER IND E COM DE VIDROS LTDA;IDEAL TEMPER - SP;14.190.554/0001-03;RUA;DOUTOR RENÉ FERNANDES;415;;VILA FACHINI;SÃO PAULO;SP;BRASIL;(11) 3208-1515;hudson@idealtempervidros.com.br;HUDSON SABATA S. DE MOURA;04327-180;NULL;NULL
IMMMES ENGINEERING SRL;IMMMES;4;NULL;VIA VILLA, 137;NULL;NULL;NULL;"CAMPOLONGO MAGGIORE ";NULL;ITÁLIA;1111111111;giuseppe.comberlatto@immmes.com;NULL;30010;2022-10-13 13:44:11.513;NULL
INBRAVIDROS INDÚSTRIA BRASILEIRA DE VIDROS LTDA;"INBRAVIDROS ";13.644.739/0001-88;RODOVIA;"BR-428 KM 185,2 ";1100;;LOTEAMENTO RECIFE;PETROLINA;PE;BRASIL;(87) 3864-0171;huberto@uol.com.br;HUBERTO;56320-700;2015-06-19 14:36:18.887;NULL
INCOVISE IND. E COM. DE VIDROS DE SEGURANÇA LTDA;INCOVISE;04.267.383/0001-10;RUA;MECA,;529;;JD. ARAPONGAS;GUARULHOS;SP;BRASIL;(11) 2446-3856;vidros@incovise.com.br;JAILTON GOMES MATOS;07210-110;NULL;NULL
INDÚSTRIA E COMÉRCIO DE VIDROS DO PRIMO LTDA;PV BENEFICIADORA;47.488.077/0001-16;RUA;JOÃO BENTO MARIANO;220;.;JD. NOVO AEROPORTO;ITAPETININGA;SP;BRASIL;(15) 3271-1211;vinicius@primovidros.com.br;"VINICIUS MOREIRA SILVEIRA ";18215-330;2024-10-23 20:04:31.607;" "
INDUSTRIA E COMERCIO DE VIDROS FRATTA LTDA;ARAUCARIA VIDROS ESPECI;09.438.133/0001-19;RUA;RUA DEZ DE MAIO;012;;ANCHIETA;PATO BRANCO;PR;BRASIL;(46) 3025-7555;claudemir@araucaria.ind.br;CLAUDEMIR;85501-430;2015-09-21 18:15:56.747;NULL
INDUSTRIA E COMERCIO DE VIDROS GUAPORE LTDA;GUAPORE VIDROS - SINOP;37.998.068/0001-11;AVENIDA;DA INTEGRACAO,;6845;;LIC NORTE;SINOP;MT;BRASIL;(66) 9920-2911;silvia@guaporevidros.com.br;SILVIA GARCIA PEREIRA MACEDO;78551-033;2024-06-21 11:29:06.997;" "
INDÚSTRIA E COMÉRCIO DE VIDROS TEMPERADOS SPEED TEMPER LTDA;SPEED TEMPER;73.122.996/0001-81;RUA;JOSÉ BENEDITO RODRIGUES;435;.;CENTRO;SÃO ROQUE;SP;BRASIL;(11) 4716-9110;alfredo@speedtemper.com.br;ALFREDO;18140-000;2024-06-28 10:56:14.677;" "
"INFINITO VIDROS COMERCIO DE VIDROS EIRELI            ";INFINITO VIDROS;34.016.397/0001-21;RUA;TABER;434;;"JARDIM CANADÁ                 ";"MG - NOVA LIMA                ";MG;BRASIL; 31- 3321-0621;R.MORAES@INFINITOVIDROS.COM.BR;"DIRETORIA                                            ";34007-762;NULL;S
INSTALADORA PARIS - EIRELI;GRUPO PARIS;06.127.901/0001-25;ESTRADA;DO GUERENGUE;881;661;TAQUARA;RIO DE JANEIRO;RJ;BRASIL;(21) 2139-5200;thiago@grupoparis.com.br;THIAGO;22713-003;2022-10-25 16:25:02.410;S
INTERBOX - GLASS SERV COMERCIAL DE VIDROS LTDA - EPP;INTERBOX;05.105.225/0001-26;AVENIDA;DAS ARAUCÁRIAS;4.455;;THOMAZ COELHO;ARAUCARIA;PR;BRASIL;(41) 2108-1012;rh@interbox.com.br;CARLOS;83707-065;2015-09-23 10:32:07.727;NULL
INTERMAC DO BRASIL COM DE MAQ E EQTOS LTDA;INTERMAC DO BRASIL;19.541.628/0001-22;RUA;LIEGE;122/128;140;VILA VERMELHA;SÃO PAULO;SP;BRASIL;(11) 2351-3939;regina.jota@intermacbrasil.com;REGINA JOTA;04298-070;2022-11-16 17:34:47.150;NULL
INTERMAC DO BRASIL COM DE MAQ E EQTOS LTDA;INTERMAC DO BRASIL;19.541.628/0001-22JR;RUA;LIEGE;122/128;140;VILA VERMELHA;SÃO PAULO;SP;BRASIL;(11) 2351-3939;regina.jota@intermacbrasil.com;REGINA JOTA;04298-070;2017-08-31 13:32:01.000;NULL
INTERMAC DO BRASIL COM DE MAQ E EQTOS LTDA;INTERMAC;19.541.628/0001-22VP;RUA;LIEGE;122/128;140;VILA VERMELHA;SÃO PAULO;SP;BRASIL;(11) 2351-3939;regina.jota@intermacbrasil.com;REGINA JOTA;04298-070;2017-08-31 13:32:01.000;NULL
IPE AMARELO PARTICIPAÇÕES E EMPREENDIMENTOS LTDA;IPE AMARELO;10.379.838/0001-91;RUA;ARACAÍ;83;SALA 07;JARDIM ESTÁDIO;SANTO ANDRÉ;SP;BRASIL;(11) 9893-1350;laurenildecastro@hotmail.com;"LAURENIL ";09175-140;2017-09-26 12:04:09.910;NULL
IR FAMILY & BUSINESS LTDA;PALESTRANTE;42.565.045/0001-53;RUA;BALTHAZAR DA VEIGA;367;.;VILA NOVA CONCEIÇÃO;SÃO PALO;SP;BRASIL;(51) 9313-5111;mbotelho@abravidro.org.br;MAURICIO BOTELHO;04510-908;2024-10-03 18:12:19.560;NULL
ITAIPU VIDROS EIRELI;"ITAIPU VIDROS ";02.428.553/0001-75;RUA;RUA NAIR CAMILO DOS REIS;711;;VALE DO JATOBÁ;BELO HORIZONTE;MG;BRASIL;(31) 3385-7272;gerencia@itaipuvidros.com.br;ANDREZA CARVALHO;30664-002;2017-09-27 07:39:04.693;NULL
ITALOTEC MAQ.COM E SERVS LTDA EPP;ITALOTEC MÁQUINAS;04.908.924/0001-41;ESTRADA;FAUSTINO BIZZETO;675;;ÁREA INDUSTRIAL - 3;CAMPO LIMPO PAULISTA;SP;BRASIL;(11) 4812-3203;suporte01@italotec.com.br;ALINE;13230-800;2024-06-18 18:01:01.057;" "
ITALUM COMERCIO LTDA;FACIL ACESSORIOS;04.033.871/0001-62;RUA;ANÁPOLIS;00;QD 14 LT08;MARAMBAIA (MANILHA);ITABORAÍ;RJ;BRASIL;(21) 2623-6291;ricardo.juliavidros@gmail.com;RICARDO R ROCHA;24859-396;2015-06-08 14:25:42.873;NULL
IV CENTENÁRIO COM DE VIDROS LTDA;DFS;60.544.129/0001-92;RUA;MANUEL FRANCISCO DE ÁVILA,;52;3ª TRAV RUA SIRIA, R DO HOSP MUN TATUAPÉ;TATUAPÉ;SÃO PAULO;SP;BRASIL;(42) 3423-4234;sdfs@fdsf.comdfsdf;DSFS;03087-050;2022-04-30 14:07:05.000;NULL
IVT INDÚSTRIA DE VIDROS TEMPERADOS LTDA;;07.961.142/0001-64;AV.;JOSÉ AMORA SÁ,;900;;DISTRITO INDUSTRIAL II;EUSÉBIO;CE;;;;;61760000;NULL;NULL
"J. MARQUES VIDROS PLANOS LTDA                        ";BRAZILGLASS;20.382.746/0001-14;ESTRADA;MUNICIPAL SHIGUEIRO HAMADA;100;QUADRA C;"LAMBARI                       ";"SP - GUARAREMA                ";SP;BRASIL;(11) 4827-2410;jmarques@brazilglass.com.br;"JACINTO MARQUES                                      ";08900-000;2024-07-31 13:35:13.517;" "
JÁBALI AUDIVISUAL EIRELLI;ABRAVIDRO;26.261.143/0001-40;RUA;CAYOWÁA,;1236;APTO. 27;PERDIZES;SÃO PAULO;SP;BRASIL;(11) 3873-9908;carmen@zumbrazil.com.br;CARMEN LIPPI;05018-001;2019-09-04 15:59:04.603;NULL
JBG SERVICOS ADMINISTRATIVOS E LOGISTICA LTDA;JBG LOGISTICA;16.708.731/0001-26;RUA;CARLOS MARCONDES;189;319;JARDIM LIMOEIRO;SAO JOSE DOS CAMPOS;SP;BRASIL;(11) 3406-1013;comercial@jbglog.com.br;ODAIR BRITO;12241-421;2024-07-19 16:32:48.217;NULL
JKCM DE JESUS;JKCM DE JESUS;06.090.764/0001-00;ESTRADA;CIA AEROPORTO;S/N;KM 12;SÃO CRISTÓVÃO;SALVADOR;BA;BRASIL;(71) 3377-8500;rhjkcm@outlook.com;KARLA;41510-075;2024-07-16 08:51:56.277;" "
JOELMA PEREIRA BAITEL;BAITEL COMUNICAÇÃO;22.636.626/0001-21;RUA;CINCO DE OUTUBRO;2605;;SANTA CRUZ;GUARAPUAVA;PR;BRASIL;(42) 99945-0705;jobaitel@baitelcomunicacao.com;JOELMA PEREIRA BAITEL;85015-130;2017-08-31 13:32:01.000;NULL
JOSÉ RUBENS CONTO ANTONIETO;PRIME GLASS SERVICE;19.096.666/0001-13;AVENIDA;ARMANDO ÍTALO SETTI;1120;TORRE 4 APT 12;VILA BAETA NEVES;SÃO BERNARDO DO CAMPO;SP;BRASIL;(11) 3907-0910;primeglassservice@gmail.com;JOSÉ RUBENS;09760-281;2017-11-01 15:37:48.200;NULL
JS COMERCIO DE VIDROS IND. E SERVIÇOS LTDA;RECIFE TEMPERA;18.633.304/0001-51;AVENIDA;DOUTOR JOSÉ RUFINO;3468;;TEJIPIÓ;RECIFE;PE;BRASIL;(81) 3455-2184;jsrecifetempera@gmail.com;JOSE EDSON;50930-000;2015-08-04 10:56:41.100;NULL
JSA INDUSTRIA E COMERCIO DE VIDROS LTDA ERELI;GLASSTEM;01.338.760/0001-76;RUA;RUA JOÃO CAETANO;580;;MILANEZI;CRICIÚMA;SC;BRASIL;(48) 9998-4098;joao@glasstem.com.br;JOÃO DE CAMPOS;88804-582;2019-03-30 11:21:05.377;S
JUMEPE DISTRIBUIDORA E SERVIÇOS LTDA;VIDRAÇARIA JUMEPE;40.402.844/0001-83;RUA;CORONEL JOÃO TELES;301;LOJA;CENTRO;DUQUE DE CAXIAS;RJ;BRASIL;(21) 2671-4292;vidracaria.jumepe@ig.com.br;ALEX;25020-180;NULL;NULL
K. K. KRAUS ARAÚJO COMÉRCIO DE VIDROS - ME;CDE - CASA DOS ESPELHOS;84.544.246/0001-14;RUA;PADRE MONTEIRO DE NORONHA;220;B;FLORES;MANAUS;AM;BRASIL;(92) 3656-6513;kilze@cdeam.com.br;KILZE KRISLY KRAUSS ARAÚJO;69028-140;2024-06-27 17:49:06.597;" "
"KANON ESPELHOS E VIDROS LTDA ";KANON;44.189.975/0001-85;RUA;ARTURO FOGOSO NIEVES;141;;JARDIM GUMERCINDO;GUARULHOS;SP;BRASIL;(11) 6144-1000;marcinha@kanon.com.br;GENILSON;07090-090;2015-08-26 11:54:33.203;NULL
KANON SÃO BENTO ESPELHOS E VIDROS LTDA;KANON;14.527.513/0001-60;RUA;SENA MADUREIRA;957;;JARDIM CUMBICA;GUARULHOS;SP;BRASIL;(11) 2488-7096;genilson@kanon.com.br;GENILSON;07240-020;2022-09-22 14:23:35.317;NULL
KERAGLASS SOUTH AMERICA DO BRASIL LTDA;KERAGLASS  SRL;10.258.734/0001-29;AVENIDA;SALGADO FILHO;252;SALA 612;CENTRO;GUARULHOS;SP;BRASIL;(11) 5532-0743;southamerica@keraglass.com;GENILSON MUNIZ DO NASCIMENTO;07090-090;2024-07-10 14:20:13.967;" "
KERAGLASS SOUTH AMERICA DO BRASIL LTDA;KERAGLASS;2;NULL;VIA SASSOGATTONE, 13/A;NULL;NULL;NULL;REGGIO EMILIA;NULL;ITÁLIA;522 993027;southamerica@keraglass.com;NULL;00042-031;2017-07-31 17:02:59.203;NULL
KERAGLASS SOUTH AMERICA DO BRASIL LTDA;KERAGLASS;NULL;NULL;VIA SASSOGATTONE, 13/A;NULL;NULL;NULL;REGGIO EMILIA;NULL;ITÁLIA;522 993027;southamerica@keraglass.com;NULL;00042-031;2017-07-31 17:06:08.950;NULL
KLAAS COMERCIO E SERVIÇO EM VIDROS LTDA;KLAAS VIDROS;15.083.159/0001-94;RUA;AMALTEIA;47;;VALE DO SOL;NOVA LIMA;MG;BRASIL;(31) 8802-8565;heber@klaas.com.br;HEBER DUTRA;34000-000;NULL;NULL
KLAIER SA INDÚSTRIA E COMÉRCIO (ESTRELA VIDROS);ESTRELA VIDROS;28.058.915/0002-58;RUA;MONTEIRO LOBATO;84;;SERRA DO ANIL;CARIACICA;ES;BRASIL;(27) 2124-7500;hozana@estrelavidros.com.br;NICEIA E HOZANA;29108-825;2022-05-20 12:16:59.797;" "
KURARAY AMÉRICA INC.;KURARAY;1;NULL;BAY AREA BLVD SUITE - SUITE 600;NULL;NULL;NULL;HOUSTON;NULL;ESTADOS UNIDOS;NULL;Alberto.Alarcon@kuraray.com;NULL;00002625;2019-04-10 15:57:21.603;NULL
KURARAY SOUTH AMERICA;KURARAY;12.333.284/0001-17;AVENIDA;PAULISTA;1636;SALA 405;BELA VISTA;SÃO PAULO;SP;BRASIL;(11) 2615-3531;marcos.aceti@kuraray.com;MARCOS ACETI;01310-200;2024-05-03 10:32:52.977;" "
KURARAY SOUTH AMERICA;KURARAY;12.333.284/0001-17;AVENIDA;PAULISTA;1636;SALA 405;BELA VISTA;SÃO PAULO;SP;BRASIL;(11) 2615-3531;marcos.aceti@kuraray.com;MARCOS ACETI;01310-200;2024-05-03 10:32:52.977;" "
L.M. MÁQUINAS LTDA-ME;LOPES MÁQUINAS;19.364.928/0001-83;RUA;PIONEIRA GERTRUDE HECK FRITZEN;7851;;JARDIM ITAIPU ;MARINGÁ;PR;BRASIL;(44) 3269-7937;lopes@lopesequipamentos.com.br;RODOLFO LOPES DA SILVA;87065-468;2019-11-01 19:12:12.647;NULL
L.NUNES COMERCIO E INDUSTRIA LTDA.;"L. NUNES ";06.526.362/0001-05;AVENIDA;MIGUEL ROSA;4032;"SUL ";CENTRO;TERESINA;PI;BRASIL;(86) 3218-2404;leandro@lnunes.com.br;"LEANDRO ";64001-490;2015-10-27 16:28:25.000;NULL
LA FALCÃO BAUER CENTRO TECNOLÓGICO DE CONTROLE DE QUALIDADE;"FALCÃO BAUER ";53.020.152/0001-12;RUA;AQUINOS;111;;ÁGUA BRANCA;SÃO PAULO;SP;BRASIL;(11) 3611-0833;treinamento@falcaobauer.com.br;CAMILA MERULLO;05036-070;NULL;NULL
"LAMINA TEMPER COM DE VIDROS DE SEGURANÇA LTDA        ";LAMINA TEMPER;07.080.680/0001-40;RUA;DESEMBARGADOR AMORIM;76;;"JD INDUSTRIAL                 ";"MG - CONTAGEM                 ";MG;BRASIL;31-33628787;toninho@laminatemper.com.br;"ANTÔNIO CARLOS                                       ";32215-330;NULL;S
LAMINA VIDROS LTDA.;LAMINA VIDROS;09.489.927/0001-01;RUA;DESEMBARGADOR TINOCO;265;LOJA 04;MONSENHOR MESSIAS;BELO HORIZONTE;MG;BRASIL;(31) 3462-1187;dilma@laminavidros.com;DILMA FERREIRA MAGALHÃES;30720-480;2024-05-09 17:45:55.070;S
LAMINAR VIDROS LTDA;LAMINAR VIDROS;07.966.090/0001-19;RUA;MAJOR JOSÉ TINOCO;"600 B ";;"CAMPO GRANDE ";RIO DE JANEIRO;RJ;BRASIL;(21) 3214-0707;rh@laminar.com.br;"FELIPE LUIZ GONÇAVES GUARINO ";23095-690;NULL;NULL
LAMINAX IND. DE VIDROS LAMINADOS LTDA;LAMINAX;11.494.203/0001-06;RUA;BOA ESPERANÇA;350;NULL;PEDRAS;EUSÉBIO;CE;BRASIL;(85) 3260-0606;claudiomarinho@laminax.com.br;"CLÁUDIO MARINHO ";61760-000;NULL;NULL
LAPIVIDROS - LAPIDAÇÃO VIDROS IND E COM LTDA;LAPIVIDROS;87.848.313/0001-82;;IRACY FOPPA,;380;.;SÃO ROQUE;BENTO GONÇALVES;RS;BRASIL;(54) 2102-7575;nelson@lapividros.com.br;NELSON PUTRICK;95700-000;NULL;S
LATAMGLASS IND. E COM. DE EQUIPAMENTOS;LATAMGLASS;26.393.580/0001-18;RUA;ONEDA;305;.;PLANALTO;SÃO BERNARDO DO CAMPO;SP;BRASIL;(11) 4341-6280;cassia.bastos@latamglass.com.br;CASSIA BASTOS;09895-280;2024-07-31 17:18:49.293;" "
LATAMGLASS IND. E COM. DE EQUIPAMENTOS;LATAMGLASS;26.393.580/0002-07;RUA;DOS FELTRINS;170;GALPAO02;DEMARCHI;SÃO BERNARDO DO CAMPO;SP;BRASIL;(11) 4341-6280;cassia.bastos@latamglass.com.br;CÁSSIA MARTINS BASTOS;09820-280;2024-07-31 17:27:27.380;NULL
"LBN INTELIGÊNCIA EM COMUNICAÇÃO                      ";LBN AGÊNCIA DE COMUN;17.036.081/0001-82;;;;;;;;;;;;;2022-11-14 19:06:13.000;NULL
LEÃO IND COM ESPELHOS E PLÁSTICOS LTDA;ESPELHOS LEÃO;62.356.969/0001-57;RUA;ECHAPORÃ;227231;.;CIDADE INDUSTRIAL SATÉLITE DE SÃO PAULO;GUARULHOS;SP;BRASIL;(11) 2412-3070;irineu.marcelino@espelhosleao.com.br;IRINEU MARCELINO;07224-090;2024-08-29 14:58:47.410;S
"LFK CONSULTORIA EM INFORMÁTICA ";LFK CONSULTORIA;12.639.791/0001-83;AVENIDA;PROCÓPIO FERREIRA;135;;JARDIM SILVANA;SANTO ANDRÉ;SP;BRASIL;(11) 2779-7960;lilaferreia.es@gmail.com;"LILIAN ";09121-720;2015-10-23 11:41:50.110;NULL
LINE UP EVENTOS LTDA;PRODUÇÃO;04.029.023/0001-80;ALAMEDA;DAS CAJAZEIRAS;131;.;CAMINHO DAS ÁRVORES;SALVADOR;BA;BRASIL;(71) 3341-5330;bruno@zumbrazil.com.br;BRUNO PORTELA;41820-470;2022-10-17 20:42:06.117;NULL
LISEC SUDAMERICA EQUIPAMENTOS PARA VIDROS LTDA;LISEC SUDAMERICA;14.813.789/0001-04;RUA;DR. BARBOSA DE BARROS;369;;BOTAFOGO;CAMPINAS;SP;BRASIL;(19) 3775-2210;luiz.garcia@lisec.com;LUIZ CARLOS GARCIA DA SILVA JUNIOR;13020-360;2024-08-29 17:33:26.570;" "
LM VIDROS E CRISTAIS TEMPERADOS LTDA;LM VIDROS;33.178.088/0001-95;AVENIDA;GURY MARQUES;7300;SALA 1;JD. SANTA FELICIDADE;CAMPO GRANDE;MS;BRASIL;(67) 3303-2433;lc@lmvidros.com.br;LUIZ CARLOS MOSSIN;79064-245;2024-07-31 18:21:41.633;" "
LOURISVALDO DE ARAUJO BORGES;IRETEMPER;03.208.106/0001-73;ROD.;BA 148 KM 04,;1352;;CENTRO;IRECE;BA;BRASIL;74-3642-2142;iretemper@hotmail.com;LOURISVALDO DE ARAÚJO BORGES;44900-000;NULL;" "
LUANKAR INDUSTRIA E COMERCIO LTDA;LUANKAR IN COM LTDA;62.956.800/0001-38;RUA;BARÃO DE ITAPOA;126;;VILA ALPINA;SÃO PAULO;SP;BRASIL;(11) 4513-5794;katiamartin@luankar.com.br;KATIA;03205-000;2015-06-08 15:12:25.410;NULL
LUANKAR INDUSTRIA E COMERCIO LTDA;LUANKAR;NULL;RUA;JOÃO NINCÃO;157;;CAPUAVA;MAUÁ;SP;BRASIL;(11) 4513-5794;luizcarlos@luankar.com.br;LUIZ;09380-116;NULL;NULL
LUCAZA INDUSTRIA E COMÉRCIO DE VIDROS EIRELI;HLX GLASS TECHNOLOGY;91.143.784/0001-62;ROD.;BR 153,;S/N;;INDUSTRIAL;ERECHIM;RS;BRASIL;54-3321-1614;leonardo@hlxglass.com.br;LUIZ CARLOS ZANARDO;99725-000;NULL;" "
LUCY DO CARMO THEODOSIO CABRAL ME;LUCY CABRAL;21.279.014/0001-66;RUA;PEREIRA CALDAS;197;;JARDIM DA GLÓRIA;SÃO PAULO;SP;BRASIL;(11) 2063-9670;lucy_cabral13@hotmail.com;LUCY CABRAL;01546-100;2024-06-24 14:59:04.657;NULL
LUZ INDUSTRIA E COMERCIO DE VIDROS LTDA;GUAPORÉ RONDONÓPOLIS;37.660.774/0001-59;RUA;ALBERTO SADDI,;1404;;DISTRITO INDUSTRIAL;RONDONOPOLIS;MT;BRASIL;(66) 2101-7851;zago@guaporevidros.com.br;ADEMIR ANTONIO ZAGO;78745-710;2024-07-04 15:34:30.750;" "
LUZIR DIST IND E COM DE VIDROS LTDA;LUZIR VIDROS;02.103.442/0001-99;RUA;ROUXINOL;228;GALPAO;SANTA MÔNICA II;FEIRA DE SANTANA;BA;BRASIL;(75) 2102-8666;antoniocarlos@luzirvidros.com.br;ANTONIO CARLOS;44078-220;2019-02-28 17:38:04.353;NULL
M D FERRARI;SCALA VIDROS;06.066.434/0001-70;RUA;TIO JUCA;25;;IAPI;SALVADOR;BA;BRASIL;(71) 3017-1999;luanaferrari@scalavidros.com.br;LUANA FERRARI;40323-205;NULL;NULL
"M SIMÕES IND E COM LTDA ";M SIMÕES;60.877.271/0001-51;RUA;CECILIA ROIZEN,;55;;CUMBICA;GUARULHOS;SP;BRASIL;(11) 2412-9541;aldosimoes@msimoes.com.br;ALDO MACHADO SIMÕES;07222-030;NULL;NULL
M TEMPER VIDROS E CRISTAIS LAM. LTDA;MTEMPER VIDROS;06.996.974/0001-53;RUA;JOSÉ HERNANDES GONZALES;64;.;VILA CRUZ DAS ALMAS;SÃO PAULO;SP;BRASIL;(11) 3975-2477;luis.caianelo@terra.com.br;LUIS CARLOS CAIANELO;02723-050;2024-07-19 17:01:21.827;NULL
M. GLASS - MOLDUFORT INDÚSTRIA E COMÉRCIODE VIDROS LTDA - ME;IVIDROS;01.722.306/0002-03;RUA;QUINZE DE NOVEMBRO,;320;;MONTESE;FORTALEZA;CE;BRASIL;(85) 3212-1313;amelia-gentil@hotmail.com;AMÉLIA GENTIL;60421-040;NULL;NULL
M. S AZEVEDO;PERFIL DO VIDRO;11.065.593/0001-90;AVENIDA;JERÔNIMO DE ALBUQUERQUE;2266;;ANGELIM;SÃO LUÍS;MA;BRASIL;(98) 3236-6000;azevedoperfil@yahoo.com.br;FRANCISCO AZEVEDO;65060-641;NULL;NULL
MACOTEC S.R.L.;MACOTEC S.R.L.;5;NULL;VIA DEGLI ARTIGIANI, 6;NULL;NULL;NULL;ROGOLO (SO);NULL;ITÁLIA;54-39-0342-684-648;colli@macotec.it;NULL;1916;2017-09-29 14:47:48.440;NULL
MACOTEC SRL;MACOTEC;NULL;NULL;VIA PER MANTELLO, 21;NULL;NULL;NULL;ROGOLO;NULL;SO;39 0342 684648;suporte@gusmao.com.br;NULL;23010;NULL;NULL
MAINZ INDÚSTRIA E COMÉRCIO DE MÁQUINAS LTDA-ME;MAINZ MÁQUINAS;26.639.524/0001-10;RUA;XINGU;1221;;CENTRO;SANTO ANDRÉ;SP;BRASIL;(11) 4220-4566;ana.varella@mainzmaquinas.com.br;FERNANDO DA SILVA FERREIRA;09060-050;2022-06-17 13:28:33.247;" "
MÁLAGA & ASSOCIADOS ASSESSORIA EM CONTABILIDADE E FINANÇAS LTDA;PALESTRANTE;07.492.997/0001-93;RUA;DUARTE DA COSTA;1086;.;ALTO DA LAPA;SÃO PAULO;SP;BRASIL;(11) 3873-9908;fmalaga1@malaga-aas.com;MAURICIO BOTELHO;05080-000;2024-09-14 17:56:42.117;NULL
MANSUR DISTRIBUIDORA DE VIDROS E CRISTAIS LTDA;;65.492.985/0001-65;AV.;MARQUES DE SÃO VICENTE,;1.659;;BARRA FUNDA;SÃO PAULO;SP;;;;;01139003;NULL;S
MARCELO HERBE JAUCH ME;"DEWAY BRASIL ";05.205.014/0001-65;RUA;"OCAPEGUARA ";82;;"JARDIM UMARIZAL ";SAO PAULO;SP;BRASIL;(11) 2579-8305;mhjvidros@mhjvidros.com.br;"ELIANE JAUCH ";05755-165;NULL;NULL
MARCETEX SOLUCOES LTDA;MARCETEX VIDROS;09.612.479/0002-72;RUA.;PIRITUBA,;245;;TARUMÃ;SANTANA DO PARNAÍBA;SP;BRASIL;;viviane@marcetex.com.br;VALTER ANTONIO SESTARI JÚNIOR;06515-336;NULL;" "
MARIA AUGUSTA BUSINESS INNOVATION EIRELI;BUSINESS INNOVATION;23.962.225/0001-24;AVENIDA;ARATÃS;650;CJ 121;INDIANÓPOLIS;SÃO PAULO;SP;BRASIL;NULL;orofino.augusta@gmail.com;NULL;04081-003;2022-08-01 14:54:18.000;NULL
"MARIX INDUSTRIA E COMERCIO DE FERRAGENS S/A ";MOLAS MARIX;16.616.915/0001-66;RUA;"JOSÉ BENTO, ";39;;AMADOR;EUSÉBIO;CE;BRASIL;(85) 3260-5190;socorro@mmarix.com.br;MARIA DO SOCORRO COSTA;61760-000;NULL;NULL
MARVITE MARANHÃO VIDROS TEMPERADOS LTDA;"MARVITE ";23.611.767/0001-52;AVENIDA;JERÔNIMO DE ALBUQUERQUE;1001 a;;ANGELIM;SÃO LUÍS;MA;BRASIL;(98) 2109-0645;marviteslz@hotmail.com;"LUIZITO OLIVEIRA ";65060-641;2024-06-18 12:30:13.283;" "
MARY ART SÃO PAULO INDÚSTRIA E COMÉRCIO LTDA;MARY ART;75.643.072/0001-56;RUA;ANTÔNIO GAUDI;246;QUADRA 3;CDI;GUARAPUAVA;PR;BRASIL;(42) 3629-9500;vidros@maryart.com.br;ROSEMARI BREMM;85063-440;2024-06-25 15:57:46.617;" "
"MARY ART VIDROS LAMINADOS LTDA                       ";MARY ART;21.640.028/0001-63;RUA;ANTÔNIO GAUDI;246;;"SÃO CRISTÓVÃO                 ";"PR - GUARAPUAVA               ";PR;BRASIL;42 3629-9500;VIDROS@MARYART.COM.BR;"LUCAS BREMM OLIVEIRA                                 ";85063-440;NULL;S
MASSAVIDRO PRODUTOS PARA VIDRACEIROS LTDA;MASSAVIDRO;24.905.077/0001-79;QUADRA;CSG 03;06;LOTE;TAGUATINGA SUL;TAGUATINGA;DF;BRASIL;(61) 3356-5036;financeiro@massavidros.com.br;FATIMA;72035-503;2022-10-11 09:23:24.827;S
MASSFIX COM DE SUCATAS DE VIDROS LTDA;MASSFIX;66.738.790/0002-04;ESTRADA;DO TABOÃO DO PARATEI;211;;BRAZ CUBA;MOGI DAS CRUZES;SP;BRASIL;(11) 2088-3637;juliana@massfix.com.br;11243360589;08772-010;2024-08-05 20:18:02.917;NULL
"MAURIGLASS IND E COM DE VIDROS LTDA ";MAURIGLASS;01.365.440/0001-05;ESTRADA;BABANAL DO SUL;7244;CAIXA POSTAL 83;BANANAL;GUARAMIRIM;SC;BRASIL;(47) 2107-4046;mauro@mauriglass.com.br;MAURO;89270-000;2019-10-07 10:39:16.237;" "
MAXIMA TEMPER;MAXIMA TEMPER;15.079.975/0001-24;"RUA ";"BERASMO BRAGA QUADRA C LOTE 3 ";NULL;NULL;NULL;"ANAPOLIS ";NULL;BRASIL;(62) 3097-4800;maximatemper.ib@gmail.com;NULL;7514-0200;2019-10-23 12:50:44.877;NULL
"MB TEMPER ZENIT GLASS BRASIL VIDROS EIRELLI                    ";ZENIT GLASS BRASIL;10.255.166/0001-02;AVENIDA;PREFEITO SIMÃO TAMM BIAS FORTES;1800;;"GROGOTÓ                       ";"MG - BARBACENA                ";MG;BRASIL;32-3339-9500;alessandro@zenitglass.com.br;"ALESSANDRO ALENCAR D                                 ";36202-380;NULL;NULL
"MBM ASSESSORIA DE COMUNICAÇÃO LTDA                   ";MBM COMUNICAÇÃO;18.012.428/0001-10;;;;;;;;;;;;;2022-11-14 19:06:13.000;NULL
MERCIN GLASS COM. DE VIDRO PLANO LTDA EPP;MERCIN GLASS;00.327.459/0001-02;AVENIDA;CAPITÃO FRANCISCO COPELLI;845;;JARDIM CALIFÓRNIA;JUNDIAÍ;SP;BRASIL;(11) 4584-2911;lino@mercinglass.com.br;LINO CORRÊA;13216-600;2019-02-28 15:55:04.440;NULL
MERCOVIDROS COM DE VIDROS LTDA;MERCOVIDROS;04.016.591/0001-46;RUA;ITÁLIA;33;GALPÃO;SERRARIA;SÃO JOSÉ;SC;BRASIL;(48) 3878-4080;marcio@mercovidros.com.br;MARCIO;88115-360;NULL;NULL
"METAGAL IND E COM LTDA                               ";METAGAL;59.106.377/0009-20;AVENIDA;"ROBERTO GORDON ";333;;"VL NOGUEIRA                   ";"SP - DIADEMA                  ";SP;BRASIL;11-4070-7646;MDUARTE@METAGAL.COM.BR;"WÁGNER CÂNDIDO PRIMO                                 ";09990-090;NULL;NULL
METALÚRGICA AROUCA LTDA;AROUCA FECHADURAS;61.286.571/0001-29;RUA;OSWALDO AROUCA;404;;VILA FORMOSA;SÃO PAULO;SP;BRASIL;(11) 2714-5800;leandro@arouca.com.br;LEANDRO LUCAS;03363-000;2017-10-03 11:23:41.590;NULL
MF COMERCIO DE VIDROS TAUBATÉ LTDA EP;"DM SANTOS ";14.916.369/0001-53;RUA;JOSÉ VICENTE DE BARROS;1376;;PARQUE SANTO ANTÔNIO;TAUBATÉ;SP;BRASIL;(12) 3432-0049;roberto@dmsantos.com.br;ROBERTO;12061-000;2015-11-06 11:58:39.797;NULL
MGA GLASS SOLUTIONS EQUIPAMENTOS PARA CORTE DE VIDRO LTDA - ME;MGA GLASS;20.550.413/0001-57;RUA;JOSÉ JOAQUIM;218;;PARQUE INDUSTRIAL AVELINO ALVES PALMA;RIBEIRÃO PRETO;SP;BRASIL;(16) 3663-2399;rodrigo@mgaglass.com.br;RODRIGO ADÃO;14077-370;2015-08-04 18:32:58.553;NULL
MILANO TEMPER VIDROS E ESQUADRIAS DE ALUMÍNIO LTDA;;08.310.826/0001-69;R.;"PRIMARIA 02, ";S/N;QUADRA 08 - MODULO 1 A 11;DAIAG;APARECIDA DE GOIÂNIA;GO;;;;;74993410;NULL;NULL
"MINAS LAMINAÇÃO BENEF. E COMÉRCIO DE VIDRO LTDA      ";MINAS LAMINAÇÃO;21.333.973/0001-12;RUA;SINDICALISTA LUCIO GUTERRES;140;;"CHÁCARA COTIA                 ";"MG - CONTAGEM                 ";MG;BRASIL;"31 2191-3391                  ";ANDERSONMARQUES@MINASLAMINACAO.COM.BR;"FERNANDO ANTONIO                                     ";32183-080;NULL;" "
MIRANDEX VIDROS ESPECIAIS DO ACRE LTDA;MIRANDEX VIDROS -AC;12.238.453/0001-30;ROD.;BR 364,;6;;BOSQUE;RIO BRANCO;AC;BRASIL;68-3221-1401;qualidade@mirandex.com.br;CLAUDEMIR MIRANDA;69908-080;NULL;" "
MISTRELLO S.R.L;MOVETRO;NULL;NULL;VIA VITTORIO, 137;NULL;NULL;NULL;PONSO;NULL;ITALY;+39 0429 695098;giorgio.mistrello@movetro.it;NULL;35040;NULL;NULL
MISTRELLO S.R.L;MOVETRO;NULL;NULL;VIA VITTORIO, 137;NULL;NULL;NULL;PONSO;NULL;ITALY;(39) 3358-1409;info@movetro.it;NULL;NULL;NULL;NULL
MMEVERYWHERE REPRESENTACAO COMERCIAL LTDA;MM4GLASS;40.361.730/0001-32;RUA;EDSON;640;BLOCO B APT 161;CAMPO BELO;SÃO PAULO;SP;BRASIL;NULL;moreno.magon@mm4glass.com;MORENO MAGON;04618-032;2022-05-17 19:46:47.747;NULL
MOBILIER INDÚSTRIA E COMÉRCIO DE MÓVEIS LTDA;;00.895.999/0001-84;RUA;DOS CISNES,;16;;CIDADE UNIVERSITÁRIA PEDRA BRANCA;PALHOÇA;SC;;;;;88137300;NULL;NULL
MODELO VIDROS INDUSTRIA E COMERCIO LTDA;"MODELO VIDROS ";93.740.801/0001-74;RUA;ENG. VITÓRIO DE NEGRI;451;.;ALFÂNDEGA;GARIBALDI;RS;BRASIL;(54) 3388-0068;leonir@modelovidros.com.br;"LEONIR NICARETTA ";95720-000;2024-07-22 15:14:51.737;" "
MS CORTELLA CONSULTORIA EIRELI;MS CORTELLA;20.716.729/0001-76;AVENIDA;ANGELICA;1311;CJ. 33;HIGIENOPOLIS;SÃO PAULO;SP;BRASIL;(11) 3874-2688;amarildo@prosiscont.com.br;MAURICIO BOTELHO;01227-100;2022-10-14 20:50:36.307;NULL
MS VIDROS LTDA;MS VIDROS LTDA;02.580.492/0001-67;AVENIDA;CAETANO SILVEIRA;SN;;BREJARÚ;PALHOÇA;SC;BRASIL;(48) 3242-3407;marlene@msvidros.com.br;MARLENE;88133-520;NULL;NULL
MULTIVETRO INDÚSTRIA E COMÉRCIO DE VIDROS ESPECIAIS LTDA;MULTIVETRO;60.678.877/0001-68;RODOVIA;VEREADOR GERALDO DIAS - KM;75;;LEITÃO;LOUVEIRA;SP;BRASIL;(19) 3878-9191;wfarhat@multivetro.com.br;WILSON JOSE FARHAT JUNIOR;13290-000;2015-09-23 16:03:48.667;NULL
MULTPAINEL EXCLUSIVV SOLUÇÕES CORPORATIVAS EM VIDROS, DECORAÇÃO E TECNOLOGIA LTDA;GRUPO SUCCESS;07.802.996/0001-06;RUA;RUA ROBERTO KOCH;117;;VILA INDEPENDÊNCIA;SÃO PAULO;SP;BRASIL;(11) 5904-8500;fcassola@gruposuccess.com.br;FELIPE CASSOLA;04221-060;2019-03-29 15:56:07.743;NULL
MUNDIAL TEMPER INDÚSTRIA COMÉRCIO E SERVIÇOS LTDA;;12.194.937/0001-24;R.;"JOSÉ MILANI, ";244;;PQ. MUNHOZ;TABOÃO DA SERRA;SP;;;;;06766420;NULL;NULL
"MUNDIM VIDROS EIRELI                                 ";MUNDIM VIDROS;01.075.932/0001-66;RODOVIA;ANEL RODOVIARIO CELSO MELLO AZEVEDO;19199;;"SÃO FRANCISCO                 ";"MG - BELO HORIZONTE           ";MG;BRASIL;;;"EDSON MUNDIM                                         ";31255-241;NULL;S
"MUNIZ REPRESENTACOES EIRELI ";DIP TECH;61.009.619/0001-51;RUA;QUIXERAMOBIM;15;1 ANDAR - SALA 3;PARQUE UIRAPURU;GUARULHOS;SP;BRASIL;(11) 9614-4100;genilson@munizrepresentacoes.com.br;MUNIZ;07230-440;2019-04-15 11:35:44.603;NULL
"NANDOFER COM DE CACOS DE VIDROS LTDA                 ";NANDOFER;56.719.685/0001-85;RUA;DÉCIO DA SILVA;537;;"JD NS APARECIDA               ";"SP - GUARULHOS                ";SP;BRASIL;11-2436-0846;NANDOFERCOM@UOL.COM.BR;"DIRETORIA                                            ";07177-150;NULL;NULL
NATUVIDROS INDÚSTRIA E COMÉRCIO DE VIDROS LTDA - EPP;;50.895.911/0001-00;R.;MARIA DO BOM SUCESSO PROENÇA DE MORAES,;80;;VILA PROGRESSO;ITAPETININGA;SP;;;;;18214570;NULL;NULL
NEPTUN GLASS;NEPTUN GLASS;NULL;NULL;VIA G MAZZINI 63;NULL;NULL;NULL;"COMO ";NULL;ITÁLIA;39-029-697-9011;stefano.bavelloni@neptunglass.com;NULL;22070;NULL;NULL
NEW BOX VIDROS LTDA;NEW BOX VIDROS;32.274.599/0001-48;AVENIDA;DAS PALMEIRAS,;S/N;- LT. 15 - QD. 12;JD. PRIMAVERA;DUQUE DE CAXIAS;RJ;BRASIL;(21) 2676-3390;thiagoareal@hotmail.com;THIAGO AREAL;25215-240;2024-09-25 18:36:36.010;S
NEW TEMPER INDÚSTRIA E COMÉRCIO DE VIDROS LTDA;NEW TEMPER;02.227.579/0001-55;RUA;SARGENTO SILVIO HOLLEMBACH,;550;;BARROS FILHO / FAZENDA;RIO DE JANEIRO;RJ;BRASIL;(21) 3448-8500;comercial@newtemper.com.br;FERNANDO PIRES VALE;21530-200;2022-07-13 16:57:19.973;" "
NEW TEMPER NOROESTE INDÚSTRIA E COMÉRCIO DE VIDROS LTDA;;08.488.511/0001-06;AV.;ZEN - QUADRA F - LOTES;1/2/9-B;ZONA ESP NEGÓCIOS - KM162 ROD AM PEIXOTO;MAR DO NORTE;RIO DAS OSTRAS;RJ;;;;;28890000;NULL;NULL
NEX COMERCIO, IMPORTACAO E CONSULTORIA LTDA;NEX;48.102.760/0001-36;RUA;WALDEMAR STAUDT;38;SALA 3;CENTRO;VALE REAL;RS;BRASIL;(51) 9961-0716;kpmes@nex.eco.br;JONES HAHN;95778-000;2024-09-14 18:11:13.830;" "
NOROESTE VIDROS - A. R. DA SILVA - EPP;NOROESTE VIDROS;07.129.558/0001-10;AVENIDA;ENGENHEIRO FERNANDO GUILHON;1697;.;SANTARENZINHO;SANTARÉM;PA;BRASIL;(93) 3522-7007;dg@noroestevidros.com.br;APARECIDO RONALDO DA SILVA;68035-000;2019-09-18 19:28:53.177;" "
NORTE MINAS VIDRO LTDA;"VIDRACEIRO DO NORTE ";20.831.624/0001-68;RUA;ESPÍRITO SANTO;252;;LOURDES;GOVERNADOR VALADARES;MG;BRASIL;(33) 3275-8444;vidraceirodonorte@hotmail.com;IVANALDO FARIAS SILVA;35030-150;2017-10-03 14:30:36.693;NULL
NORVIDRO - COMÉRCIO E INDÚSTRIA DE VIDROS LTDA (PE);NORVIDRO;09.864.638/0001-45;ESTRADA;EMPRESÁRIO JOÃO SANTOS FILHO;S/N;;PRAZERES;JABOATÃO DOS GUARARAPES;PE;BRASIL;(81) 3376-4424;norvidro@hotmail.com;"DIRETORIA ";54360-000;2022-11-07 17:19:01.250;NULL
"NORVIDRO - WILSON COM. E IND. DE VIDROS DO BRASIL LTDA ";"NORVIDRO VIDROS/BA ";06.117.418/0001-60;AV.;BARROS REIS,;4089;;PAU MIÚDO;SALVADOR;BA;;;"wilsonvidrosba@hotmail.com ";"LOUISE CHAVES ";40310010;NULL;" "
NOVECENTOS PRODUCOES JORNALISTICAS LTDA;PALESTRANTE;23.686.293/0001-08;RUA;MARIA ANGELICA;741;APTO. 301;JARDIM BOTÂNICO;RIO DE JANEIRO;RJ;BRASIL;(21) 3029-3417;mbotelho@abravidro.org.br;MAURICIO BOTELHO;22461-151;2024-09-30 17:06:30.000;NULL
NOVO TEMPO VIDROS E CRISTAIS TEMPERADOS LTDA;;59.910.653/0001-50;R.;MOGI GUAÇU,;362;;JD. SALGADO FILHO;RIBEIRÃO PRETO;SP;;;;;14078070;NULL;NULL
"NRC FERRAGENS ALUMÍNIOS E ACESSÓRIO LTDA             ";NRC FERRAGENS;10.954.548/0001-24;RUA;CAMPESTRE;29;;"SAGRADA FAMÍLIA               ";"MG - BELO HORIZONTE           ";MG;BRASIL;31-2511-7400;dp@nrcferragens.com.br;"DIRETORIA                                            ";31030-140;NULL;NULL
NUERNBERGMESSE BRASIL - FEIRAS E CONGRESSOS LTDA;NUERNBERGMESSE;00.627.805/0001-60;RUA;DOUTOR RUBENS GOMES BUENO;691;7º ANDAR - CJS 73 A 77 - TORRE ALPHA - ED. 17007;NAÇÕES;SÃO PAULO;SP;BRASIL;(11) 3205-5000;alexandre.brown@nm-brasil.com.br;ALEXANDRE BROWN;04730-000;2024-05-24 18:04:02.997;" "
OFF. MECC. SCHIATTI ANGELO  SRL;SCHIATTI ANGELO;NULL;NULL;"VIA ALLA PORADA 188 ";NULL;NULL;NULL;SEREGNO - MB;NULL;ITÁLIA;"+39 0362 238696 ";info@schiattiangelosrl.com;NULL;"20831 ";NULL;NULL
OFFICINA MECCANICA SCHIATTI ANGELO SRL;SCHIATTI ANGELO;1;NULL;VIA ALLA PORADA, 188;NULL;NULL;NULL;SEREGNO;NULL;ITÁLIA;55-11-0362-238-496;s.villa@schiattiangelosrl.com;NULL;20831;2022-06-23 14:05:47.750;NULL
OFFICINA MECCANICA SCHIATTI ANGELO SRL;SCHIATTI ANGELO;2;NULL;VIA ALLA PORADA,188;NULL;NULL;NULL;SEREGNO;NULL;ITÁLIA;39 0362238496;neide@gusmao.com.br;NULL;20831;2019-05-06 16:39:47.363;NULL
OFFICINA MECCANICA SCHIATTI ANGELO SRL;SCHIATTI ANGELO;1;NULL;VIA ALLA PORADA,188;NULL;NULL;NULL;SEREGNO;NULL;ITÁLIA;39 0362238496;suporte@gusmao.com.br;NULL;20831;2017-07-28 14:37:20.103;NULL
OFFICINA MECCANICA SCHIATTI ANGELO SRL;SCHIATTI ANGELO;1;NULL;VIA ALLA PORADA,188;NULL;NULL;NULL;SEREGNO (MI);NULL;ITÁLIA;55-11-0362-238-496;a.schiatti@schiattiangelosrl.com;NULL;20831;2024-05-28 17:00:19.673;NULL
"OFFICINA MECCANICA SCHIATTI ANGELO SRL ";"SCHIATTI ANGELO ";NULL;NULL;VIA ALLA PORADA,188;NULL;NULL;NULL;SEREGNO;NULL;ITÁLIA;39 0362238496;s.villa@schiattiangelosrl.com;NULL;20831;2015-07-27 16:44:06.720;NULL
ONIXX IND. DE VIDROS E INOX LTDA;ONIXX VIDROS;14.419.259/0001-86;RUA;RAIMUNDO CANTUÁRIA;7789;AO LADO DA DYDYO REFRIGERANTES;TANCREDO NEVES;PORTO VELHO;RO;BRASIL;(69) 3226-9994;gerencia@onixxvidros.com.br;JEFFERSON;76829-622;2019-09-06 14:21:22.833;NULL
OPTIMA S.R.L.;OPTIMA S.R.L.;NULL;NULL;VIA VESPUCCI,4;NULL;NULL;NULL;BOLOGNA;IT;ITÁLIA;(39) 0518-2633;cristian.zanca@optima.it;NULL;NULL;2015-08-20 10:17:18.000;NULL
OPTIMA SRL;OPTIMA;3;NULL;VIA VESPUCCI, 4;NULL;NULL;NULL;SAN GIOVANNI IN PERSICETO (BO);NULL;ITÁLIA;+393482337781;cristian.zanca@optima.it;NULL;40017;2017-08-17 06:11:55.457;NULL
"OURO PRETO VIDROS, ESPELHOS E CRISTAIS LTDA          ";OURO PRETO VIDROS;04.490.638/0001-09;RUA;FREI ANTONIO DO DESTERRO;280;;"NOVA CACHOEIRINHA             ";"MG - BELO HORIZONTE           ";MG;BRASIL;31-33243040;OUROPRETOVIDROS@HOTMAIL.COM;"AIRTON HAMILTON LINO                                 ";31250-600;NULL;S
"OURO VIDROS LTDA                                     ";OURO VIDROS;18.371.025/0001-67;RUA;JOSE GERMINIANI SOBRINHO;37;;"JD S CLEMENTE                 ";"PR - MARINGA                  ";PR;BRASIL;44-3222-5279;OUROVIDRO@HOTMAIL.COM;"DIRETORIA                                            ";87062-008;NULL;NULL
P R JACINTO & CIA LTDA;P R JACINTO & CIA LTDA;75.342.386/0002-08;AVENIDA;COSTA E SILVA - DE 1401 AO FIM - LAD;5413;;VILA OLINDA;CAMPO GRANDE;MS;BRASIL;(67) 3311-3100;eduardo@prjacinto.com.br;EDUARDO JACINTO;79060-005;2015-09-11 12:31:56.647;NULL
PACAEMBU TEMPERA DE VIDROS LTDA;PACAEMBU VIDROS;59.618.751/0001-19;RUA;CONCEIÇÃO;506;;SANTO ANTÔNIO;SÃO CAETANO DO SUL;SP;BRASIL;(11) 4224-8999;marketing@pacaembuvidros.com.br;SILVIA;09530-060;2017-09-29 17:49:25.787;NULL
PAPAIZ-UDINESE METAIS INDUSTRIANE COMERCIO LTDA;UDINESE - ASSA ABLOY;61.553.301/0001-37;AVENIDA;LUIGI PAPAIZ;239;;JARDIM DAS NACOES;DIADEMA;SP;BRASIL;(11) 3195-9219;maicon.moreira@assaabloy.com;MAICON PRADO MOREIRA;09931-610;2022-07-11 17:17:59.227;NULL
"PENHA IMP. E DISTRIBUIDORA DE VIDROS LTDA ";PENHA VIDROS;60.689.353/0001-72;RUA;DOS ITALIANOS;453;.;BOM RETIRO;SÃO PAULO;SP;BRASIL;(11) 3225-3713;dp@penhavidros.com.br;ADRIANA CAMILLO;01131-000;2022-10-07 16:29:34.567;" "
PERFAL IND ESQ COM E SERV LTDA;PERFAL LTDA;04.379.001/0001-40;AVENIDA;PRESIDENTE VERGAS;5277;;IANETAMA;CASTANHAL;PA;BRASIL;(91) 3721-3084;renatoperfal@yahoo.com.br;RENATO;68740-000;2024-08-23 18:03:07.040;NULL
PESTANA COMERCIO DE VIDROS LTDA;PESTANA - JFORA;08.648.311/0001-73;RUA;HENRIQUE VAZ;247;;LADEIRA;JUIZ DE FORA;MG;BRASIL;(32) 3215-7575;junior@vidracariapestana.com.br;JUNIOR;36052-590;2015-07-28 19:25:59.440;NULL
Pilkington Brasil;"Pilkington Brasil ";"61.736.732/0001-39 ";NULL;NULL;NULL;NULL;NULL;NULL;NULL;NULL;NULL;NULL;NULL;NULL;NULL;NULL
PILKINGTON BRASIL LTDA;PILKINGTON BRASIL;61.736.732/0001-39;RODOVIA;PRESIDENTE DUTRA (BR 116);S/N - KM 131/133 SALA A;.;VILA GALVAO;CAÇAPAVA;SP;BRASIL;(11) 2148-3003;gloria.cardoso@br.nsg.com;MARIA DA GLORIA CARDOSO;12286-160;2024-08-05 09:59:21.487;S
PILKINGTON BRASIL LTDA;PILKINGTON;61.736.732/0003-09;RUA;SARGENTO RODOVAL CABRAL TRINDADE;780;;PQ NOVO MUNDO;SÃO PAULO;SP;BRASIL;(11) 2955-3135;gloria.cardoso@br.nsg.com;GLÓRIA CARDOSO;02190-900;2015-07-31 14:15:38.777;NULL
PILKINGTON BRASIL LTDA;PILKINGTON-BLINDEX;61.736.732/0067-65;RUA;MADRE PAULA DE SAO JOSE;488;.;VILA EMA;SAO JOSE DOS CAMPOS;SP;BRASIL;(12) 3221-2204;gloria.cardoso@br.nsg.com;MARIA DA GLÓRIA CARDOSO FERREIRA SEGURO;12243-010;2022-08-31 12:24:29.557;NULL
PILKINGTON BRASIL LTDA - BLINDEX;BLINDEX BRASIL;61.736.732/0040-45;AVENIDA;MONTEIRO LOBATO;4550;AIRPORT TOWN II - ASA 1 SALA 1;CUMBICA;GUARULHOS;SP;BRASIL;(11) 2413-3866;jairo.goncalves@br.nsg.com;JAIRO GONÇALVES;07180-000;2019-09-20 11:22:34.117;NULL
PILKINGTON BRASIL LTDA.;BLINDEX - PILKINGTON;61.736.732/0005-62;AVENIDA;MONTEIRO LOBATO;4550;ASA 1 SALA 1 NSG;CIDADE JARDIM CUMBICA;GUARULHOS;SP;BRASIL;(11) 2413-3876;gloria.cardoso@br.nsg.com;GLÓRIA CARDOSO;07180-000;2024-08-04 18:29:26.407;NULL
PINHEIRO COM. DE VIDROS LTDA;PINHEIRO VIDROS;14.215.597/0001-04;RODOVIA;SANTOS DUMONT;142/15597;;JARDIM PRIMAVERA;DUQUE DE CAXIAS;RJ;BRASIL;(21) 2661-2064;pinheirovidros@gmail.com;ANDERSON PIMENTA PINHEIRO;25211-000;2017-10-16 20:18:04.623;NULL
PITANGLASS VIDROS DE SEGURANÇA;PITANGLASS;15.307.114/0001-56;ROD;BR 466,;S/N;KM 183;DISTRITO INDUSTRIAL;PITANGA;PR;BRASIL;;"pitanglass@hotmail.com ";"AGUINALDO CORRÊA ";85200000;NULL;" "
PKO DO BRASIL IMP E EXP LTDA;"PKO ";00.007.750/0004-38;AVENIDA;"ANTONIO DE ALMEIDA ";1111;;RODEIO;MOGI DAS CRUZES;SP;BRASIL;(11) 4699-8999;thais.auletta@pkodobrasil.com.br;THAIS;08775-420;2022-09-19 09:57:27.493;S
PKO DO BRASIL IMPORTAÇÃO E EXPORTAÇÃO LTDA;PKO;00.007.750/0001-95;AVENIDA;LOTHAR WALDEMAR HOEHNE;1111;;JD. RODEIO;MOGI DAS CRUZES;SP;BRASIL;(11) 4791-8999;yao@pkodobrasil.com.br;MYRIAN;08775-000;2024-08-15 12:32:59.543;" "
"PLANALTO VIDROS LTDA ";VIDROSER;13.262.015/0001-70;AVENIDA;GENERAL OLÍMPIO MOURÃO FILHO;493;;PLANALTO;BELO HORIZONTE;MG;BRASIL;(31) 3451-1928;cristiano@vidroser.com.br;CRISTIANO RODRIGUES;31720-200;2017-08-07 14:38:34.557;NULL
PLEX VIDROS TEMPERADOS LTDA EPP;CRISTALPLEX;07.255.191/0001-81;AV.;YUSABURO SASAZAKI,;753;;DISTRITO INDUSTRIAL SANTO BARI;MARILIA;SP;BRASIL;14-3454-4787;fernando@cristalplex.com.br;JOSÉ LUÍS CECOLINI P;17512-031;NULL;" "
POLITEMPER IND. E COM. DE VIDROS LTDA - ME;POLITEMPER;14.223.041/0001-51;RUA;SERGIO GASPARETTO,;238;.;PORTAL DA FOZ;FOZ DO IGUAÇU;PR;BRASIL;(41) 9621-7730;crisfinanceiro@politemper.com.br;CRISTIANE;85859-560;2015-08-27 17:00:15.607;NULL
POLYEXCEL IND. E COM. DE COMPOSTOS POLÍM.;EXCELLAM MAT. LAMINAÇÃO;14.492.564/0001-01;ESTRADA;DOS ALPES;290;.;JARDIM BELVAL;BARUERI;SP;BRASIL;(11) 4161-6775;andre.moreira@polyexcel.com.br;RODRIGO NACHLE BOREGGIO;06423-080;2024-10-01 11:52:04.650;" "
PONDÉ COMUNICAÇÃO E CONTEÚDO LTDA;PALESTRANTE;14.022.464/0001-03;AVENIDA;MERCEDES,;135;APTO. 71;ALTO DA LAPA;SÃO PAULO;SP;BRASIL;(11) 3873-9908;carmen@zumbrazil.com.br;CARMEN LIPPI;05081-060;2019-09-04 17:47:51.827;NULL
PORTAL GLASS COMERCIO E INDUTRIA LTDA;PORTAL GLASS;16.964.735/0001-75;RODOVIA;CLEMENTINO MARTINS REZENDE;180;BR 02 KM 01;"NÚCLEO INDUSTRIAL ";TERENOS;MS;BRASIL;(67) 3246-1103;portalglassterenos@gmail.com;SINEAS;79190-000;2022-05-23 12:02:01.577;" "
PORTAL IND E COM DE VIDROS LTDA;PORTAL VIDROS - AM;05.982.114/0001-06;AV.;GOVERNARDOR JOSE LINDOSO,;3824;;NOVO ALEIXO;MANAUS;AM;BRASIL;92-3632-4200;tulhio@portalvidrosam.com.br;TULHIO MOREIRA ISRAE;69058-600;NULL;" "
POTENCIA COMERCIO DE FERRAMENTAS LTDA;POTENCIA DIAMANTE;10.765.807/0001-79;RUA;AVAÍ;97;;VILA BERTIOGA;SÃO PAULO;SP;BRASIL;(11) 2922-9000;andrey@potenciadiamante.com.br;ANDREY;03188-020;NULL;NULL
POTENCIA COMERCIO DE FERRAMENTAS LTDA;POTENCIA;31.988.250/0001-05;RUA;BIXIRA;149;;MOÓCA;SÃO PAULO;SP;BRASIL;(11) 2965-4038;andreymooca@hotmail.com;"ANDREY MOREIRA BARBOSA ";03119-020;2024-11-12 16:34:05.217;NULL
PRIME GLASS COMERCIO E INDUSTRIA LTDA.;VITRIUM VIDROS - RN;19.667.163/0001-50;;MARIA ODETE DE GOIS ROSADO,;100;;BELA VISTA;MOSSORO;RN;BRASIL;(84) 3314-0491;financeiro@primeglassrn.com.br;DIEGO CARVALHO;59609-600;2022-05-05 09:53:43.970;NULL
PRISMA IND E COM DE VIDROS EIRELI;PRISMA IND E COM DE VID;20.555.419/0001-17;RUA;JOSÉ DE ALENCAR;746;;NÚCLEO COLONIAL DE PINHAIS;PINHAIS;PR;BRASIL;(41) 3056-5550;heide@prismatempera.com.br;HEIDE GESSNER ALVES;83321-230;2022-10-04 09:39:52.773;S
PRISMAY IND E COM DE VIDROS ESPECIAIS;PLANALTO VIDROS;09.153.923/0001-58;RUA;10A - CHÁCARA 123 LOTE 1C;sn;.;TAGUATINGA NORTE;BRASÍLIA;DF;BRASIL;(61) 3597-4452;diretoria@planaltovidros.com.br;"ADINEY JAIME DE OLIVEIRA ";72007-155;2024-09-19 11:18:46.180;" "
PRO-MATIC AUTOMAÇAO LTDA;PRO-MATIC AUTOMAÇÃO;17.168.098/0001-93;RUA;CORONEL PHIDIAS TÁVORA;23;GALPAO;PAVUNA;RIO DE JANEIRO;RJ;BRASIL;(21) 2424-4950;pro-matic@hotmail.com.br;FABIO SAUGE;21535-510;NULL;NULL
PRODIM INTERNATIONAL BV;PRODIM;4;NULL;LAGEDIJK 26;NULL;NULL;NULL;HELMOND;NULL;PAÍSES BAIXOS;+31615177795;j.seixas@prodim-systems.com;NULL;5705BZ;2019-07-12 09:24:33.783;NULL
"PROEX VIDROS LTDA                                    ";PROEX VIDROS;05.526.176/0001-03;RUA;"MARIA SOLDEIRA LOURENCON   ";435;;"SANTA JULIA                   ";"SP - ITUPEVA                  ";SP;BRASIL;11-4496-2388;MANOEL.FLORES@ASTRA-SA.COM;"DIRETORIA                                            ";13295-000;NULL;NULL
PROJEVIDROS PROJETOS E VIDROS LTDA;PROJEVIDROS;03.337.969/0001-40;RUA;POUSO ALEGRE;2663;;HORTO;BELO HORIZONTE;MG;BRASIL;(31) 3317-5582;rogeriarocha@projevidrosbh.com.br;ROGÉRIA ROCHA;31015-025;NULL;NULL
QUALITEMPER IND E COM DE VIDROS LTDA;QUALITEMPER;10.983.398/0001-87;ESTR.;MARECHAL MALLET,;846;;MAGALHÃES BASTOS;RIO DE JANEIRO;RJ;BRASIL;21-3291-9800;sergio@qualitemper.com.br;JOSÉ EDUARDO ESCABIN;21745-092;NULL;S
QUALITY TEMPER VIDROS LTDA - EPP;QUALITY TEMPER;11.122.122/0001-77;RUA;OSVALDO CRUZ,;150;;ÁGUAS LINDAS;ANANINDEUA;PA;BRASIL;(91) 3218-5114;moreira_janaina@hotmail.com;JANAINA;67118-270;NULL;NULL
RAFAEL BARROSO DA SILVA PRODUÇÕES EIRELI EPP;PRONTO EVENTOS;08.466.594/0001-32;AVENIDA;SENADOR VIRGÍLIO TÁVORA - DE 892 A 2190 - LADO PAR;1500;SALA 502;ALDEOTA ;FORTALEZA;CE;BRASIL;(85) 3017-7431;rafael.barroso@prontoagencia.com.br;RAFAEL BARROSO;60170-078;2017-10-23 18:33:27.747;NULL
RAI PUBLICIDADE;RAI GUARDIAN;23.729.773/0001-09;NULL;NULL;NULL;NULL;NULL;NULL;NULL;NULL;NULL;NULL;NULL;NULL;2022-11-14 19:06:13.000;NULL
RAIOL VIDROS LTDA ME;RAIOL VIDROS;22.272.971/0001-23;RUA;FELISBERTO BELINCANTA,;159;;SANTA CRUZ;CONCORDIA;SC;BRASIL;49-3444-3551;comercial@raiolvidros.com.br;LUIZ RAIMUNDI JR;89703-160;NULL;" "
RAPIDEX TEMPER INDUSTRIA COMERCIO E SERVICO LTDA;RAPIDEX TEMPER;39.824.001/0001-96;AV.;GAL PENHA BRASIL,;2670;;VILA NOVA CACHOEIRINHA;SÃO PAULO;SP;BRASIL;;;GIOVANNI LANGELLA;02673-000;NULL;NULL
REAL TEMPER IND. E COM. VIDROS LTDA;REAL TEMPER INDÚSTRIA;11.379.772/0001-00;RUA;JOÃO RIBEIRO DE BARROS,;1841;;SERIEMA;SOROCABA;SP;BRASIL;(15) 3213-7136;andre@realtemper.com.br;ANDRÉ CATINI;18080-900;2024-05-03 16:54:28.740;" "
REAL VIDROS COMERCIO DE VIDROS LTDA;REAL VIDROS;03.648.667/0001-93;RUA;CARLOS OECHSLER;60;.;ILHA DA FIGUEIRA;JARAGUÁ DO SUL;SC;BRASIL;(47) 2107-8785;estela@realvidros.net;ESTELA;89258-820;2019-10-15 18:15:01.227;S
REAL VIDROS INDÚSTRIA COM. E SERV. LTDA EPP;REAL VIDROS RJ;10.818.913/0001-73;RUA;SANTANA,;348;;VILA SÃO LUIZ;DUQUE DE CAXIAS;RJ;BRASIL;21-2672-1751;realvidros2009@ig.com.br;DILSON FERNANDES;25086-120;NULL;" "
REFLECTA GLASS INDUSTRIA E COMERCIO DE VIDROS LTDA;REFLECTA GLASS;33.136.855/0001-01;RUA;F,;1558;;PARQUE INDUSTRIAL;UMUARAMA;PR;BRASIL;44-3639-6440;reflectaglasspaulo@gmail.com;PAULO DE SOUZA;87507-139;NULL;NULL
REFLEX TEMPERVIDROS INDÚSTRIA E COMÉRCIO DE VIDROS LTDA;REFLEX TEMPERVIDROS;04.545.217/0001-38;AVENIDA;ÁPIO CARDOSO,;1.038;PRÓXIMO VIA EXPRESSA SENTIDO BETIM;CINCÃO-PEROBAS;CONTAGEM;MG;BRASIL;(31) 2191-8000;gerencia@reflextempervidros.com.br;MIRIAM DE LOURDES PARREIRAS;32371-615;2024-05-29 13:54:02.143;" "
RIBERO BASTOS IND SER E COM DE VIDROS;CENTRAL VIDROS;02.677.921/0001-19;QUADRA;QI 15  LTS 32, 34 E 36 PARTE B SETOR INDUSTRIAL;s/n;;SETOR INDUSTRIAL CEILANDIA;BRASILIA;DF;BRASIL;(61) 3379-1000;iascara@centralvidrosdf.com.br;IÁSCARA;72265-150;2019-02-28 16:30:45.910;NULL
RIDERGLASS COMPANY LTD;RIDERGLASS;NULL;NULL;HENRIQUE DIAS;110;15;VILA NOVA;NOVO HAMBURGO;RS;BRASIL;(51) 3207-3379;marcos@riderglass.com;MARCOS;93520-270;NULL;NULL
RMARAGLIANO COMUNICAÇÃO E DESIGN LTDA;MBISTRÔ;10.309.042/0001-62;RUA;FRADIQUE COUTINHO;2227;;VILA MADALENA;SÃO PAULO;SP;BRASIL;(11) 3368-8401;juliana@mbistro.com.br;JULIANA;05416-012;2015-10-15 11:56:11.937;NULL
ROAPLAS PLASTICOS E FERRAGENS LTDA;ROAPLAS;03.068.248/0001-82;RUA;CONDE PRATES;535;;MOOCA;SAO PAULO;SP;BRASIL;(11) 2076-9977;guilherme@roaplas.com.br;GUILHERME FLORES;03122-000;2024-06-03 11:01:57.493;NULL
ROBERTO LUZ BASTOS ME;VCG;13.591.793/0001-02;AVENIDA;BARROS REIS;630b;;PAU MIÚDO;SALVADOR;BA;BRASIL;(71) 8109-8992;roberto@vcgferragens.com.br;ROBERTO BASTOS;40310-010;2015-06-11 18:31:34.723;NULL
"ROGERIO DUARTE DE LIMA EVENTOS                       ";DULIE AGÊNCIA GUARDIAN;16.986.100/0001-79;;;;;;;;;;;;;2022-11-14 19:06:13.000;NULL
ROHDEN VIDROS LTDA;ROHDEN VIDROS;05.959.604/0001-83;RODOVIA;SC114;km 169;- NRO. 4.915;BRACATINGA;TAIÓ;SC;BRASIL;(47) 3563-9100;luizjaison@rohden.com.br;JAISON LESSA;89190-000;2022-06-01 15:12:57.940;" "
ROLL DOOR PORTAS DESLIZANTES LTDA;ROLL DOOR COMPANY;24.193.580/0001-49;AVENIDA;"VISCONDE DE TAUNAY ";78;;ZONA 08;"MARINGÁ ";PR;BRASIL;(44) 2101-5070;marcos@rolldoor.com.br;MARCOS ANTONIO RAMOS;87050-320;2024-06-03 10:27:45.873;" "
RV COMERCIO E INDUSTRIA DE VIDROS LTDA;"RV VIDROS ";11.902.982/0001-23;AVENIDA;ETR ITAIPU BABI 1600;1600;"GALPÃO ";"NOVA AURORA / ITAIPU ";BELFORD ROXO;RJ;BRASIL;(21) 3772-7098;rvvidros2010@hotmail.com;ROGERIO;26127-170;2015-10-07 11:29:30.757;NULL
SAINT GERMAIN CRISTAIS DE SEGURANÇA LTDA.;SAINT GERMAIN CRISTAIS;31.530.074/0001-63;RUA;MAJOR JOSÉ TINOCO;600;;CAMPO GRANDE;RIO DE JANEIRO;RJ;BRASIL;(21) 2413-7555;qualidade@blindexrio.com.br;BRUNO MAGALHÃES DA SILVA;23095-690;2024-10-08 13:48:39.847;" "
SAINT GLASS INDÚSTRIA E COMERCIO DE VIDROS LTDA;SPACE GLASS;11.320.290/0001-77;RUA;ÂNGELO FRANCHINI;165;GALPAO 3;PARQUE JAÇATUBA;SANTO ANDRÉ;SP;BRASIL;(11) 3728-4376;adriana@spaceglass.com.br;ADRIANA CHEVALIER;09290-416;NULL;NULL
SAINT GOBAIN DO BRASIL PRODUTOS INDUSTRIAIS E PARA CONSTRUÇÃO LTDA;"SAINT GOBAIN GL ";61.064.838/0089-75;RUA;GASPAR, 8;1248;;CENTRO;SÃO VICENTE;SP;BRASIL;(13) 2138-1606;joana.santos@saint-gobain.com;JOANA APARECIDA;11310-909;NULL;S
SAINT-GOBAIN;SAINT-GOBAIN;"61.064.838/0165-60 ";NULL;NULL;NULL;NULL;NULL;NULL;NULL;NULL;NULL;NULL;NULL;NULL;2022-11-14 19:06:13.000;NULL
SAINT-GOBAIN;SAINT-GOBAIN;61.064.838/0094-32;NULL;NULL;NULL;NULL;NULL;NULL;NULL;NULL;NULL;NULL;NULL;NULL;2022-11-14 19:06:13.000;NULL
SAINT-GOBAIN;SAINT-GOBAIN;61.064.838/0146-06;NULL;NULL;NULL;NULL;NULL;NULL;NULL;NULL;NULL;NULL;NULL;NULL;2022-11-14 19:06:13.000;NULL
"SAINT-GOBAIN DO BRASIL PROD. IND. E P CONSTR. LTDA   ";SGG/AGUA BRANCA/SP;61.064.838/0053-64;;;;;;;;;;;;;2022-11-14 19:06:13.000;NULL
"SAINT-GOBAIN DO BRASIL PROD.INDUS.PARA CONST. LTDA   ";SGG/JACAREI/SP;61.064.838/0012-96;;;;;;;;;;;;;2022-11-14 19:06:13.000;NULL
"SAINT-GOBAIN DO BRASIL PROD.INDUS.PARA CONST. LTDA   ";SGG/MATRIZ;61.064.838/0001-33;;;;;;;;;;;;;2022-11-14 19:06:13.000;NULL
"SAINT-GOBAIN DO BRASIL PROD.INDUS.PARA CONST. LTDA   ";SGG-MAUÁ/SP;61.064.838/0093-51;;;;;;;;;;;;;2022-11-14 19:06:13.000;NULL
"SAINT-GOBAIN DO BRASIL PROD.INDUS.PARA CONST. LTDA   ";SGG/WEBER QUARTZOLIT;61.064.838/0041-20;;;;;;;;;;;;;2022-11-14 19:06:13.000;NULL
"SAINT-GOBAIN DO BRASIL PROD.INDUS.PARA CONST. LTDA   ";SGG / ISOVER;61.064.838/0090-09;;;;;;;;;;;;;2022-11-14 19:06:13.000;NULL
"SAINT-GOBAIN DO BRASIL PRODS IND E P CONSTR LTDA     ";SGG/GRAVATAÍ/RS;61.064.838/0096-02;;;;;;;;;;;;;2022-11-14 19:06:13.000;NULL
SAINT-GOBAIN DO BRASIL PRODUTOS IND. E PARA CONSTRUÇÃO LTDA;VETROTECH SAINT-GOBAIN;61.064.838/0091-90;AVENIDA;PROSPERIDADE;1180;;PROSPERIDADE;SÃO CAETANO DO SUL;SP;BRASIL;(11) 3434-9471;paulo.penna@saint-gobain.com;PAULO PENNA;09550-700;2019-05-29 18:16:40.880;NULL
"SAINT-GOBAIN DO BRASIL PRODUTOS INDUSTRIAIS          ";SAINT GOBAIN PLÁSTICOS;61.064.838/0145-17;;;;;;;;;;;;;2022-11-14 19:06:13.000;NULL
"SAINT-GOBAIN DO BRASIL PRODUTOS INDUSTRIAIS E PARA   ";SGG-WEBER;61.064.838/0034-00;;;;;;;;;;;;;2022-11-14 19:06:13.000;NULL
"SAINT-GOBAIN DO BRASIL PRODUTOS INDUSTRIAIS E PARA A CONSTRUÇÃO LTDA. ";SAINT-GOBAIN GLASS;61.064.838/0084-60;RUA;FREI GASPAR;1248;;"CENTRO ";SÃO VICENTE;SP;BRASIL;(13) 2128-1600;thaina.medeiros@saint-gobain.com;THAINÁ;11310-909;2019-10-28 19:31:43.810;NULL
"SAINT-GOBAIN VIDROS BRASIL                           ";DIVISÃO SÃO VICENTE;60.853.942/0010-35;;;;;;;;;;;;;2022-11-14 19:06:13.000;NULL
"SAINT-GOBAIN VIDROS S.A.                             ";SGG VIDROS BRASIL;60.853.942/0001-44;;;;;;;;;;;;;2022-11-14 19:06:13.000;NULL
"SAINT-GOBAIN VIDROS S.A.                             ";SGG-EMBALAGENS;60.853.942/0007-30;;;;;;;;;;;;;2022-11-14 19:06:13.000;NULL
"SAINT-GOBAIN VIDROS S.A.                             ";SGG/RS;60.853.942/0040-50;;;;;;;;;;;;;2022-11-14 19:06:13.000;NULL
SALTON INDÚSTRIA DE VIDROS LTDA;SALTON VIDROS;89.291.850/0001-08;AV.;JOÃO CATTAPAN,;1005;;BOQUEIRÃO;PASSO FUNDO;RS;BRASIL;54-3311-4011;wolmarsalton@saltonvidros.com.br;JOÃO ANTÔNIO SALTON;99036-000;NULL;" "
SANDRO ACESSÓRIOS LTDA;SANDRO ACESSÓRIOS;18.384.469/0001-37;AV.;ADOLFO BERANGER JÚNIOR,;103B;;SÃO CRISTÓVÃO;CABO FRIO;RJ;BRASIL;22-2646-5967;;ALEXSANDRE MENEZES D;28909-030;NULL;NULL
SANDRO OSMAR DA VEIGA EIRELI ME - TERMOVIDROS;ITALAJES VIDROS;24.433.494/0001-66;;DOUTOR REINALDO SCHMITHAUSEN,;3543;;CORDEIROS;ITAJAI;SC;BRASIL;(47) 3398-8100;compras@italajes.com.br;SANDRO OSMAR VEIGA;88311-481;2022-10-10 16:57:51.173;" "
SANDVIDRO EIRELI;SANVIDRO;16.973.435/0001-52;AVENIDA;PAN NORDESTINA;233c;;SANTA TEREZA;OLINDA;PE;BRASIL;(81) 3493-7800;matheus@sanvidro.com.br;MATHEUS SANTOS;53010-210;2024-07-10 07:35:29.477;" "
SANTA CECILIA TEMPERA IND E COM DE VIDROS LTDA;SANTA CECILIA;11.317.354/0001-80;VIA;DE LIGAÇÃO CINCO,;S/N;;SANTA ROSA;CRATO;CE;BRASIL;88-98853-0654;ulissesjr1981@hotmail.com;JOSÉ ULISSES;63100-970;NULL;" "
SANTA RITA CRISTAIS TEMPERADOS LTDA;SANTA RITA CRISTAIS;01.711.036/0001-46;ROD.;SP 342,;300;;PRQ IND I;ESPIRITO SANTO DO PINHAL;SP;BRASIL;19-3661-4005;strvidros@santaritacristais.com.br;MARCEL SCANAPIECO;13990-000;NULL;" "
SANTA RITA VIDROS LAMINADOS LTDA;SANTA RITA VIDROS;08.017.165/0001-88;RUA;MARIA OLIVEIRA;17.477;.;SERRARIA;SÃO JOSÉ;SC;BRASIL;(48) 3243-8500;santarita@santaritavidros.com.br;ATHAYDE;88115-163;2019-08-16 19:22:03.223;S
SANTA RITA VIDROS LAMINADOS LTDA;SANTA RITA VIDROS;08.017.165/0001-88;RUA;MARIA OLIVEIRA;17.477;.;SERRARIA;SÃO JOSÉ;SC;BRASIL;(48) 3243-8500;santarita@santaritavidros.com.br;ATHAYDE;88115-163;2019-08-16 19:22:03.223;S
SANTO ANTÔNIO INDÚSTRIA DE VIDROS LTDA;SVA VIDROS;17.586.370/0001-55;RODOVIA;SC 283 KM 22;s/n;;SANTO ANTÔNIO;CONCÓRDIA;SC;BRASIL;(49) 3442-5020;joao@svavidros.com.br;JOÃO HENRIQUE PALUDO BOLSI;89700-000;2015-08-17 14:19:32.323;" "
SANTOS & FELIX INFORMÁTICA LTDA - ME;GLASSCONTROL;05.878.511/0001-24;ALAMEDA;HARVEY C. WEEKS,;14;SALA 23 24;VISTA VERDE;SÃO JOSÉ DOS CAMPOS;SP;BRASIL;(12) 3912-1597;carlos@sfti.com.br;CARLOS;12223-830;2024-05-20 16:25:02.397;" "
SANTOS & FELIX INFORMÁTICA LTDA - ME;GLASSCONTROL;05.878.511/0001-24;ALAMEDA;HARVEY C. WEEKS,;14;SALA 23 24;VISTA VERDE;SÃO JOSÉ DOS CAMPOS;SP;BRASIL;(12) 3912-1597;carlos@sfti.com.br;CARLOS;12223-830;2024-05-20 16:25:02.397;" "
"SANVIDRO LTDA ";SANVIDRO;09.631.773/0001-40;AVENIDA;PAN NORDESTINA;233;;SANTA TEREZA;OLINDA;PE;BRASIL;(81) 3493-7800;amanda@sanvidro.com.br;AMANDA SANTOS;53010-210;2015-08-19 09:47:22.397;NULL
SÃO CRISTÓVÃO TEMPER LTDA;;04.572.399/0001-36;R.;ANGICOS,;70;;IMBIRUÇU;BETIM;MG;;;;;32680160;NULL;NULL
SÃO CRISTÓVÃO TEMPER LTDA;SÃO CRISTÓVÃO TEMPER;09.428.363/0001-05;RUA;ANGICOS;70;;IMBIRUÇU;BETIM;MG;BRASIL;(31) 3117-1717;"contato@saocristovaotemper.com.br ";"FERNANDO SATURNINO ";32680-160;2015-08-06 10:04:55.603;" "
SÃO MATEUS DISTRIBUIDORA DE VIDROS LTDA;SÃO MATEUS VIDROS;02.113.276/0001-01;AVENIDA;ADÉLIA CHOHFI;91;;PARQUE SÃO RAFAEL;SÃO PAULO;SP;BRASIL;(11) 2010-7515;beatriz@saomateusvidros.com.br;BEATRIZ;08320-390;2024-09-24 13:44:22.803;" "
"SATINAL DO BRASIL ";"SATINAL DO BRASIL ";19.056.762/0001-38;;RUA NICOLAU TOLENTINO DE ALMEIDA;61;BLOCO C APT 23;VILA DIONISIA;SAO PAULO;SP;BRASIL;(11) 3851-4498;silvana_souzavac@hotmail.com;SILVANA SOUZA VAC;02671-020;2022-05-19 17:52:55.417;NULL
SBM - SOCIEDADE BRASILEIRA DE METAIS LTDA;;43.505.353/0001-56;R.;PROJETADA,;S/N;(NÚMERO 650 DA AVENIDA DO TABOÃO);VILA LIVIEIRO;SÃO PAULO;SP;;;;;04185902;NULL;NULL
SCALA TEMPERA DE VIDROS EIRELI ME;SCALA TÊMPERA DE VIDROS;01.829.204/0001-00;RUA;TIO JUCA;25;B REIS;IAPI;SALVADOR;BA;BRASIL;(71) 3017-1999;luanaferrari@scalavidros.com.br;LUANA FERRARI;40323-205;2017-08-18 16:02:44.700;" "
SCHOTT BRASIL LTDA;"SCHOTT BRASIL LTDA ";33.144.437/0001-58;AVENIDA;"FRANCISCO NAKASATO ";1.801;;"SÃO ROQUE DA CHAVE ";ITUPEVA;SP;BRASIL;(11) 4591-0288;jan.gerber@schott.com;"ELVIS ROCHA ";13295-000;NULL;NULL
SCHOTT FLAT GLASS DO BRASIL  LTDA;SCHOTT FLAT;01.245.657/0001-81;R.;TURMALINA,;543;;RECREIO CAMPESTRE JÓIA;INDAIATUBA;SP;;(19) 3936-8997;mariacristina.cardoso@schott.com;;13347040;NULL;" "
SCM GROUP TECMATIC MÁQUINAS E EQUIPAMENTOS LTDA;"SCM GROUP TECMATIC - ";78.977.451/0001-70;RODOVIA;SC 301;1477;;DONA FRANCISCA;SÃO BENTO DO SUL;SC;BRASIL;(47) 3631-3517;carla@tecmatic.com.br;CARLA  GAUSZISKI;89284-630;NULL;NULL
SERVI TEMPER VIDR. E DECORAÇÃO LTDA;SERVI TEMPER;30.037.360/0001-29;AVENIDA;SALVADOR DE SÁ;173;.;CID. NOVA;RIO DE JANEIRO;RJ;BRASIL;(21) 2502-1454;bruno@cristalline.com.br;BRUNO LUNA LIMA;20211-260;2022-11-10 07:14:03.207;S
SGLASS IND E COMERCIO DE MAQUINAS;SGLASS;07.445.682/0001-95;RUA;HAYDIO MIGUEL DE SOUZA;54;;PARQUE INDUSTRIAL ZONA NORTE;APUCARANA;PR;BRASIL;(43) 3427-7000;recepcao@sglass.com.br;MARCO ANTONIO;86806-440;2024-08-23 10:43:50.103;" "
SIEPIERSKI TÊMPERA IND E COM DE VIDROS LTDA EPP;SIEPIERSKI TÊMPERA;01.708.144/0001-60;ROD.;BR 101- QUILOM 888, VIA D QUADRA G LOTE 100/101,;S/N;;DISTRITO INDUSTRIAL;TEIXEIRA DE FREITAS;BA;BRASIL;73-32925022;comercial@siepierskitemper.com.br;PEDRO ELIAS SIEPIERS;45985-970;NULL;" "
SILVIO ANTONIO FRANÇA CAMPINAS - ME;S.A VIDROS DE SEGURANÇA;02.975.754/0001-92;RUA;BENIGNO RIBEIRO;539;;SÃO BERNARDO;CAMPINAS;SP;BRASIL;(19) 3326-5110;adm@savidros.com.br;S.A VIDROS DE SEGURANÇA;13030-600;2017-10-23 18:10:17.787;" "
SIMONICA INDÚSTRIA E COMÉRCIO DE VIDROS;"SIMONICA ";11.100.209/0001-43;RUA;PAUFERRO;617;;CATUABA;JACOBINA;BA;BRASIL;(74) 3621-9921;agnailton@simonica.com.br;"AGNAILTON LIMA DOS REIS ";44700-000;2019-10-21 18:33:37.193;" "
SINBEVIDROS - SINDICATO DAS INDÚSTRIAS DE BENEFICIAMENTO E TRANSFORMAÇÃO DE VIDROS CRISTAIS DO ESTADO DE SÃO PAULO;SINBEVIDROS;62.650.346/0001-92;AVENIDA;PAULISTA,;1313;9º ANDAR - SALA 906A;BELA VISTA;SÃO PAULO;SP;BRASIL;(11) 2476-7021;milaine@sinbevidros.com.br;MILAINE;01311-923;2022-04-29 17:07:02.930;" "
SINBEVIDROS - SINDICATO DAS INDÚSTRIAS DE BENEFICIAMENTO E TRANSFORMAÇÃO DE VIDROS CRISTAIS DO ESTADO DE SÃO PAULO;SINBEVIDROS;NULL;RUA;MONTE ALEGRE,;61;- 4ºANDAR ACONJ. 41/42;PERDIZES;SÃO PAULO;SP;BRASIL;(11) 3875-0638;milaine@sinbevidros.org.br;MILAINE;05014-000;NULL;NULL
SINCAVESP - SINDICATO DO COMÉRCIO ATACADISTA DE VIDRO PLANO, CRISTAIS E ESPELHOS DO ESTADO DE SÃO PAULO;;62.803.085/0001-01;R.;DOS ITALIANOS,;471;;BOM RETIRO;SÃO PAULO;SP;;;;;01131000;NULL;" "
SINCAVIDRO;VETRO RIO;16.900.917/0001-82;ESTRADA;DOS BANDEIRANTES;7469;;CURICICA;RIO DE JANEIRO;RJ;BRASIL;(21) 2441-3100;robertolopesrj@hotmail.com;ROBERTO;22780-085;NULL;NULL
SINCAVIDRO - SINDICATO DO COMÉRCIO ATACADISTA DE VIDRO PLANO, CRISTAIS E ESPELHOS DO ESTADO DO RIO DE JANEIRO;SINCAVIDRO;34.158.865/0001-00;ESTRADA;DOS BANDEIRANTES;7469;;CURICICA;RIO DE JANEIRO;RJ;BRASIL;(21) 2441-3100;robertolopesrj@hotmail.com;ROBERTO;22780-085;2015-07-16 11:00:17.980;" "
SINCOMAVI - SINDICATO DO COMÉRCIO VAREJISTA DE MATERIAL DE CONSTRUÇÃO, MAQUINISMOS, FERRAGENS, TINTAS, LOUÇAS E VIDROS DA GRANDE SÃO PAULO;SINCOMAVI;62.809.769/0001-02;RUA;VISTA, 356;356;- 15 ANDAR;CENTRO;SÃO PAULO;SP;BRASIL;(11) 3488-8200;wcjobb@sincomavi.org.br;WLADIMIR CASELLI JOBB;01014-910;2015-06-23 13:08:11.437;" "
SINDIVIDROS - SINDICATO DAS INDÚSTRIAS DE VIDROS, CRISTAIS, ESPELHOS, CERÂMICA DE LOUÇA E PORCELANA NO ESTADO DO RIO GRANDE DO SUL;SINDIVIDROS-RS;92.954.015/0001-07;AVENIDA;ASSIS BRASIL,;8.787;BLOCO D;SARANDI;PORTO ALEGRE;RS;BRASIL;(51) 3347-8787;contato@sindividrosrs.com.br;ROSANE FREITAS;91140-001;2022-07-20 15:50:16.593;" "
SL COM DE MAT DE CONTRUÇÃO LTDA;SL VIDROS;13.481.177/0001-07;R.;BIZAZEL JOSÉ DOS SANTOS,;333;;LOT IND COMERCIAL P SN SINOP;SINOP;MT;BRASIL;66-3211-7500;silvia@guaporevidros.com.br;SILVIA GARCIA PEREIRA MACEDO;78551-035;NULL;NULL
SL COMÉRCIO DE MATERIAIS DE CONTRUÇÃO LTDA;;113.481.177/0001-07;R.;BIZAZEL JOSÉ DOS SANTOS,;333;CAIXA POSTAL 86;LIC. NORTE;SINOP;MT;;;;;78550000;NULL;NULL
SMART GLASS DISTRIBUIDORA DE VIDROS LTDA;SMART GLASS;30.130.319/0001-00;AV.;MANOEL DUARTE,;2703;;BELA VISTA;RIO BONITO;RJ;BRASIL;21-3634-7525;comercial@smglass.com.br;RODRIGO NAHUM GONÇALVES;28800-000;NULL;" "
SOCABELEC SOUTH AMERICA IND. E COM. LTDA.;SOCABELEC;11.159.640/0001-65;"RUA ";JOSÉ MENINO;60;NULL;PARQUE RINCÃO;COTIA;SP;BRASIL;(11) 4243-1287;jean-paul.clement@socabelec.com;JEAN PAUL CLEMENT;06705-462;NULL;NULL
SOLIDA COMERCIO E DIST. DE VIDROS LTDA;SOLIDA VIDROS;13.722.496/0001-59;;DE DESENVOLVIMENTO ECONÔMICO CONJUNTO 07;7;;ÁREA DE DESENVOLVIMENTO ECONÔMICO (ÁGUAS CLARAS);TAGUATINGA;DF;BRASIL;(61) 3121-1493;solidavidros@gmail.com;"PATRICIA ";71986-720;2015-08-31 16:36:17.943;S
SOLUTIA BRASIL LTDA;;02.283.939./0001-36;R.;GOMES DE CARVALHO;1.306;- 6º ANDAR;VL OLÍMPIA;SÃO PAULO;SP;;;;;04547005;NULL;NULL
SOLUTIA BRASIL LTDA;EASTMAN;02.283.939/0001-36;RUA;ALEXANDRE DUMAS;1711 - 7 ANDAR;EDIFICIO BIRMANN 12;CHÁCARA SANTO ANTÔNIO (ZONA SUL);SÃO PAULO;SP;BRASIL;(11) 3579-1842;dpdomi@eastman.com;DANIEL PAZZINI DOMINGOS;04717-004;2024-08-29 17:10:57.603;" "
SPACE GLASS COMÉRCIO VAREJISTA E ATACADISTA DE VIDROS LTDA;SPACE GLASS;07.850.174/0001-92;RUA;ENGENHEIRO ARMANDO DE ARRUDA PEREIRA;165;;CERÂMICA;SÃO CAETANO DO SUL;SP;BRASIL;(11) 3728-4376;adriana@spaceglass.com.br;ADRIANA CHEVALIER;09581-170;2015-11-18 00:00:00.000;NULL
SPEED DOOR COMÉRCIO IMPORTAÇÃO E EXPORTAÇÃO LTDA;;62.368.923/0001-58;R.;DOM VILARES,;1.217;;VILA DAS MERCES;SÃO PAULO;SP;;;;;04160001;NULL;NULL
STANLEY BLACK&DECKER DO BRASIL LTDA;STANLEY SECURITY;53.296.273/0001-91;ALAMEDA;SANTOS - DE 1498 A 2152 - LADO PAR;1940;13º ANDAR;CERQUEIRA CÉSAR;SÃO PAULO;SP;BRASIL;(11) 3149-7479;rui.mendes@sbdinc.com;RUI MENDES;01418-102;2015-11-05 16:21:28.737;NULL
STAR PEX INDÚSTRIA DE VIDROS E ABERTURAS LTDA;STAR PEX;14.801.362/0001-96;RUA;20 DE MARÇO;1468;.;MORRO PARIS;VALE REAL;RS;BRASIL;(51) 3637-0700;ariane.belinot@starpex.com.br;GERENTE COMERCIAL;95778-000;NULL;" "
STAR PEX INDÚSTRIA DE VIDROS E ABERTURAS LTDA;STAR PEX;NULL;RUA;20 DE MARÇO;1468;.;MORRO PARIS;VALE REAL;RS;BRASIL;(51) 3637-0700;ariane.belinot@starpex.com.br;GERENTE COMERCIAL;95778-000;NULL;NULL
STAR TEMPER VIDROS LTDA - EPP;STAR TEMPER;04.666.832/0001-00;RUA;VEREADOR OSMAR POLIDO;7-100;;DISTRITO INDUSTRIAL DOMINGOS BIANCARDI;BAURU;SP;BRASIL;(14) 3878-2600;victor@startemper.com.br;VICTOR;17034-470;2019-04-04 17:51:47.463;S
STEINGLASS VIDROS TEMPERADOS;STEINGLASS;00.906.550/0001-74;RUA;FERNANDES CARDOSO DA SILVA;77;;SERRARIA ;SÃO JOSÉ;SC;BRASIL;(48) 3248-0448;sandro@steinglass.com.br;SANDRO RENSI;88113-125;2024-05-14 11:14:43.693;" "
SULGLASS IND E COM DE VIDROS LTDA;SULGLASS;08.584.497/0001-44;R.;PADRE DEON,;600;;HAUER;CURITIBA;PR;BRASIL;41-3029-1000;qualidade@sulglass.com.br;GERSON JOSÉ DOS SANT;81630-090;NULL;S
SUPPORT GLASS IMP E EXP LTDA;SUPPORT GLASS;15.317.406/0001-70;RUA;DIANÓPOLIS;122;SALA B;PARQUE DA MOOCA;SÃO PAULO;SP;BRASIL;(11) 2268-3310;niltonbatista@supportglass.com.br;NILTON BATISTA;" 03125-100";2024-08-21 11:36:18.970;NULL
SUPREMA INDUSTRIA E COMERCIO DE VIDROS LTDA;SUPREMA GLASS;21.825.164/0001-28;R.;UGANDA,;55;;CANAÃ;BELO HORIZONTE;MG;BRASIL;31-3347-2262;gerencia@supremaglass.com.br;LEONARDO DA SILVA FERREIRA;31749-030;NULL;" "
SYSTEMGLASS SISTEMAS INTELIGENTES LTDA;SYSTEM GLASS;07.995.623/0001-90;RUA;EMANUEL KANT;60;SL 1013-10º AND. COND. H. A. OFFICES LINHA VERDE;CAPÃO RASO;CURITIBA;PR;BRASIL;(41) 3346-4000;deise@systemglass.com.br;DEISE DE MORAES;81020-670;2022-10-21 16:50:40.440;" "
T2G ENGENHARIA LTDA;T2G;07.715.670/0001-33;RUA;SANTA CRUZ;481;SALA 1;CENTRO;VINHEDO;SP;BRASIL;(19) 3246-3485;administracao@t2g.com.br;MAURICIO MARGARITELLI;13280-041;2017-08-09 15:19:35.630;NULL
TEC VIDRO IND COM E SERV TEC LTDA;TEC VIDRO;52.764.354/0001-06;RUA;SETE DE JULHO;32;;VILA SOCORRO;SÃO PAULO;SP;BRASIL;(11) 5682-2366;cristina@tecvidro.com.br;CRISTINA BRAGA;04760-070;2019-06-27 16:04:16.757;NULL
TECBRIL IND  E COM DE TINTAS LTDA;TECBRIL TINTAS;93.293.736/0001-86;ESTRADA;ESTRADA MUNICIPAL JOSEPHINA BIANCHI SEGAT;6501;CX POSTAL 3505;FORQUETA;CAXIAS DO SUL;RS;BRASIL;(54) 2101-8000;suelen.salvati@tecbril.ind.br;SUELEN;95115-970;2015-11-11 15:31:54.343;NULL
TECNO CAST LTDA;TECNO CAST;00.777.074/0001-39;RUA;ANTÔNIO RIZZATO;211;;CHÁCARA LAGOA BRANCA;CAMPO LIMPO PAULISTA;SP;BRASIL;(11) 4812-9675;helcio@tecnocast.ind.br;HELCIO ALUIZIO;13231-610;2015-07-14 14:16:49.737;NULL
TECNO TOOLS FERRAMENTAS E ABRASIVOS LTDA.;TECNO TOOLS;55.297.253/0001-60;RUA;MANOEL SILVEIRA CAMARGO;432;;JARDIM SANTANA;ITU;SP;BRASIL;(11) 4013-9100;claudia@tecnotools.com.br;MARIA CLÁUDIA;13311-140;NULL;NULL
TECNOVIDRO INDÚSTRIA DE VIDROS LTDA;TECNOVIDRO;91.514.836/0001-60;RODOVIA;RS 122 - KM 63 -;S/N;CAIXA POSTAL 369;JULIETA;FARROUPILHA;RS;BRASIL;(54) 3261-0100;marco@tecnovidro.com.br;MARCO DE BASTIANI;95180-000;2023-08-21 12:26:53.000;" "
TEMPER PATOS INDUSTRIA DE VIDROS LTDA - EPP;TEMPER PATOS;21.117.462/0001-63;AVENIDA;JUSCELINO KUBITSCHEK DE OLIVEIRA,;3003;;RESIDENCIAL GRAMADO;PATOS DE MINAS;MG;BRASIL;(34) 3821-4140;douglas@temperpatos.com.br;DOUGLAS TEIXEIRA;38706-215;2022-04-25 22:13:59.707;S
"TEMPER SUDOESTE LTDA                                 ";TEMPER SUDOESTE;13.890.438/0001-34;RUA;ENGENHEIRO GUILHERME JORGE SCHEIDE;527;;"PLANALTO                      ";"PR - PATO BRANCO              ";PR;BRASIL;46-3225-1200;TEMPERSUDOESTE@GMAIL.COM;"DIRETORIA                                            ";85509-242;NULL;S
TEMPER SUL COM VIDROS LTDA;BLUEGLASS;10.287.442/0001-14;RUA;ARNALDO VOSGERAU;620;;QUISSISSANA;SÃO JOSÉ DOS PINHAIS;PR;BRASIL;(41) 3020-8400;denise@blueglass.com.br;DENISE;83085-057;2022-05-02 14:32:18.000;" "
TEMPERA IND COM DE VIDROS TEMPERADOS LTDA;TÊMPERA VIDROS;53.675.666/0001-06;RUA;DR. NESTOR SAMPAIO PENTEADO,;253;;AMERICANÓPOLIS;SÃO PAULO;SP;BRASIL;11-5621-6422;luciana@tempera.com.br;ÂNGELO IANNUZZI;04409-060;NULL;S
TEMPERAÇO COM VIDROS LTDA;TEMPERAÇO ES;03.013.335/0001-32;RUA;HUMBERTO LORENZUTTI,;56;;NS DA PENHA;VILA VELHA;ES;BRASIL;27-3089-7911;iat@temperacovidros.com.br;IVOLMAR TASSIS;29110-180;NULL;" "
TEMPERAÇO VIDROS TEMPERADOS LTDA;"TEMPERAÇO ";65.289.191/0001-07;RUA;DOIS;456;;DISTRITO INDUSTRIAL;GOVERNADOR VALADARES;MG;BRASIL;(33) 3212-8300;ivotassis@hotmail.com;IVO DE TASSIS FILHO;35040-600;NULL;" "
TEMPERACRE-VIDROS TEMPERADOS DO ACRE IMP. E EXP.;TEMPERACRE;07.537.359/0001-41;AV.;CASTELO BRANCO,;S/N;;CENTRO;SENADOR GUIOMARD;AC;BRASIL;68-3232-3822;temperacre_ac@yahoo.com.br;MARIA ELIANA;69925-970;NULL;NULL
TEMPERBRAS INDÚSTRIA E COMÉRCIO DE VIDROS LTDA;"TEMPERBRAS ";NULL;RUA;ARAPONGAS;74;;JARDIM ANA ELIZA;CAMBÉ;PR;BRASIL;(43) 3249-1550;renan@temperbras.com.br;RENAN;86187-400;NULL;NULL
TEMPERBRAS INDÚSTRIA E COMÉRCIO DE VIDROS LTDA;TEMPERBRAS;10.660.705/0001-99;RUA;ARCÉNIO GOMES DA SILVA;65;;PARQUE INDUSTRIAL JOSÉ GARCIA GIMENES;CAMBÉ;PR;BRASIL;(43) 3253-1252;renan@temperbras.com.br;RENAN;86183-758;2024-07-04 12:00:59.967;" "
TEMPERBRAS INDÚSTRIA E COMÉRCIO DE VIDROS LTDA;TEMPERBRAS;NULL;RUA;ARAPONGAS;74;;JARDIM ANA ELIZA;CAMBÉ;PR;BRASIL;(43) 3249-1552;renan@temperbras.com.br;RENAN;86187-400;NULL;NULL
TEMPERFORTE INDÚSTRIA E COMÉRCIO DE VIDRO TEMPERADO LTDA - ME;TEMPERFORTE;78.082.336/0001-38;ROD.;BR 373,;KM 267,8;S/N;LINHA SÃO JOÃO;PRUDENTOPOLIS;PR;BRASIL;"42-3446-5561 ";"temperforte@hotmail.com ";"DALBERTO LUIZ VIER ";84400000;NULL;S
TEMPERLANDIA TEMP VIDROLANDIA LTDA;TEMPERLANDIA;03.309.277/0001-99;RUA;TIBAGI;55;;PQ INDL BANDEIRANTES;ROLÂNDIA;PR;BRASIL;(43) 2101-6100;camille@temperlandia.com.br;CAMILLE;86602-521;2023-08-06 15:44:39.000;" "
TEMPERLÂNDIA TÊMPERA VIDROLÂNDIA LTDA;;75.342.386/0001-19;AV.;TIBAGI,;55;;PQ INDUSTRIAL BANDEIRANTES;ROLÂNDIA;PR;;;;;86600000;NULL;" "
TEMPERLINE IND. E COM. DE VIDROS LTDA;;12.226.920/0001-01;RODOVIA;BR 277 KM599 - PQ. IND ALB N SCHIMIDT - RUA SERGIO GASPARETO;468;;14 DE NOVEMBRO;CASCAVÉL;PR;;;;;85804200;NULL;NULL
"TEMPERLINE INDUSTRIA E COMERCIO DE VIDRO LIMITADA ";TEMPERLINE;04.951.088/0001-88;RODOVIA;BR 277- KM 599;462;.;14 DE NOVEMBRO;CASCAVÉL;PR;BRASIL;(45) 3037-2700;zecarlostemperline@hotmail.com;"JOSÉ CARLOS ";85804-608;2024-09-02 15:54:46.587;" "
TEMPERMAT INDUSTRIA E COMERCIO DE VIDROS LTDA;TEMPERMAT;08.711.353/0001-01;RUA;DOS BEIJA FLORES;5841;;PARQUE OHARA;CUIABÁ;MT;BRASIL;(65) 3925-2000;bruno@tempermat.com.br;BRUNO;78080-470;NULL;" "
TEMPERMAT INDUSTRIA E COMERCIO DE VIDROS LTDA;;08.711.353/0002-92;AV;FERNANDO CORREA DA COSTA;5841;;PARQUE OHARA;CUIABA;MT;;;;;78080470;NULL;NULL
TEMPERMAX INDÚSTRIA E COMÉRCIO DE VIDROS TEMPERADOS LTDA;TEMPERMAX;05.511.755/0001-74;;JOHN BODY DUNLOP,;681;;IPORANGA;SOROCABA;SP;BRASIL;(15) 3238-9999;gerenciacomercial@tempermax.com.br;RODRIGO;18087-155;2024-07-05 11:50:08.887;" "
TEMPERMED INDÚSTRIA E COMÉRCIO DE VIDROS LTDA;TEMPERMED;02.148.510/0001-36;RUA;ARCÂNGELO GRAPIGLIA,;61;- CAIXA POSTAL 1020;ÁREA INDUSTRIAL;MEDIANEIRA;PR;BRASIL;(45) 3264-3610;"compras2@tempermed.com.br ";ROQUE COLOMBO;85884-000;2015-06-24 11:54:48.820;" "
TEMPERSETE IND. E COM. DE VIDROS DE SEGURANÇA LTDA;;07.920.528/0001-28;RUA;"RIO JEQUITAÍ, ";1071;;SÃO SEBASTIÃO;SETE LAGOAS;MG;;;;;35701126;NULL;NULL
TEMPERSINOS INDÚSTRIA DE VIDROS LTDA;TEMPERSINOS;08.246.483/0001-10;RUA;CARLOS GERMANO BUCKLER,;800;;IDEAL;NOVO HAMBURGO;RS;BRASIL;(51) 3582-0066;tempersinos@tempersinos.com.br;WERNER ROEBEN;93334-150;2019-03-29 16:30:34.507;S
TEMPERSUL COMÉRCIO DE VIDROS LTDA - ME;TEMPERSUL;08.954.675/0001-81;RUA;MARGINAL JOSÉ RUGANI,;266;;DAS ANTAS;DRACENA;SP;BRASIL;(18) 3821-8220;amarildo@vidrosuldracena.com.br;AMARILDO;17900-000;2024-07-22 17:42:05.797;" "
TEMPERVIDROS;TEMPERVIDROS;69.364.255/0001-30;AVENIDA;PONTES VIEIRA;1970;;TAUAPE;FORTALEZA;CE;BRASIL;(85) 3227-1133;fvmfilho@hotmail.com;VALTER MARINHO;60130-241;2015-07-23 11:31:22.640;NULL
TEMPERVIDROS IND. E COM. DE VIDROS TEMPERADOS LTDA;TEMPERVIDROS SP;47.115.803/0001-55;AV.;COMENDADOR FACCHINI,;190;;PARQUE ÍNDIO JARI;LINDOIA;SP;BRASIL;19-3898-1808;sandra@tempervidros.com;JOÃO MENDES FILHO;13950-000;NULL;" "
TEMPERVIDROS VIDROS E CRISTAIS TEMPERADOS LTDA;TEMPERVIDROS;37.365.657/0001-62;AVENIDA;RIBEIRO, S/N QUADRA 31 LOTE 4;S/N;- QD. 17 - MOD. 2 A 5;SETOR CENTRAL;APARECIDA DE GOIÂNIA;GO;BRASIL;(62) 4008-7226;agda@tempervidros.com.br;AGDA;74980-970;2017-11-03 15:53:07.197;NULL
TEMPEX INDUSTRIA E COMERCIO DE VIDRO LTDA;TEMPEX VIDROS;01.127.748/0001-12;RUA;"SALGADO FILHO ";1513;;PINEVILLE;PINHAIS;PR;BRASIL;(41) 3669-6560;gilson@tempex.com.br;GILSON FERNANDES;83324-010;2019-09-26 10:17:37.490;S
TERMARI COML IMP E EXPORT LTDA;TERMARI VIDROS;01.079.127/0005-34;AVENIDA;ESPIRITO SANTO,;720;;ARLINDO VILASCHI;VIANA;ES;BRASIL;(27) 3346-2700;junior@termari.com.br;GILNEY CALZAVARA JR;29136-242;2024-05-09 11:55:45.187;" "
TERMARI VIDROS;JUNIOR, GILNEY C.;NULL;NULL;RUA JAHIRA DOS SANTOS RODRIGUES 125/501;NULL;NULL;NULL;VITORIA-ES;NULL;BRASIL;27999791380;junior@termari.com.br;NULL;29060160;NULL;NULL
"TERMOSOM DUPLOS VIDROS ISOLANTES LTDA                ";TERMOSOM DUPLOS;53.428.553/0001-06;AVENIDA;JOÃO PEIXOTO VIEGAS;817;;"JD CONSÓRCIO                  ";"SP - SÃO PAULO                ";SP;BRASIL;(11) 5562-9419;roberto@termosom.com.br;"ROBERTO VALERO BENET                                 ";04437-000;2024-05-24 17:54:34.453;S
TERRA DE SANTA CRUZ VIDROS E CRISTAIS SEGURANÇA LTDA;TERRA STA CRUZ;55.499.719/0001-00;RUA;CORONEL ALBINO BAIRÃO;437;;BELENZINHO;SÃO PAULO;SP;BRASIL;(11) 2291-4611;ibelson.terrastacruz@terra.com.br;IBELSON F. SOUSA;03054-020;NULL;NULL
TESTE 15;TESTE 15;98.918.725/0001-68;RUA;SABIÁ;99;;BOSQUE DO VIANNA;COTIA;SP;BRASIL;(11) 4617-3780;teste@teste.com;TESTE;06711-140;NULL;NULL
TG GLOBAL EIRELLI;TG / TECHNICAL GROUP;26.656.338/0001-90;RUA;MAFALDA MARIA IMPERATO PINHATA;173;.;NOVA VINHEDO;VINHEDO;SP;BRASIL;(19) 3246-3485;mauricio.margaritelli@t2g.com.br;MAURICIO MARGARITELLI;13284-076;2019-05-09 13:18:42.777;NULL
THERMOGLASS VIDROS LTDA;THERMOGLASS;48.254.858/0001-09;RUA;JOAQUINA TEÓFILO DO ESPÍRITO SANTO,;247;;JD. CUMBICA;GUARULHOS;SP;BRASIL;;"diretoria.joffre@glasstech.com.br ";"JOFFRE MORETTI FILHO ";07210008;NULL;" "
TK SRL;TK ITALY;NULL;NULL;VIA ROSSINI 64;NULL;NULL;NULL;MOLTENO;NULL;LECCO;031 874573;domenico@satinal.it;NULL;23847;NULL;NULL
TK SRL;TK SRL;NULL;NULL;VIA ROSSINI 4;NULL;NULL;NULL;MOLTENO;NULL;ITÁLIA;+39 031 3574873;cristiana@tkitaly.com;NULL;23847;2015-07-06 16:53:02.560;NULL
TRANSPARÊNCIA INDÚSTRIA E COMÉRCIO DE PRODUTOS DE VIDRO LTDA;;15.003.211/0001-55;RUA;DA UNIÃO,;58;;CAPUAVA;SANTO ANDRÉ;SP;;;;;09270180;NULL;NULL
TTR VIDROS LTDA;TTR VIDROS LTDA;09.416.805/0001-95;ESTRADA;DO CARIRI,;100;- BR 040 - KM 18,5;VILA ISABEL;TRÊS RIOS;RJ;BRASIL;(24) 3311-0100;vinicius@ttrvidros.com.br;SR. VINÍCIUS MARQUES;25815-000;2024-08-27 19:42:38.083;" "
TVT INDÚSTRIA E COMÉRCIO DE VIDROS TEMPERADOS LTDA;TVT VIDROS TEMPERADOS;05.259.325/0001-07;;SOROCABA,;481;;JARDIM PAULISTA;VÁRZEA PAULISTA;SP;BRASIL;(11) 4606-8330;andre@tvtvidros.com.br;ANDRE MAXIMILIANO;13222-005;NULL;" "
TWINGLASS VIDROS LTDA;"TWINGLASS ";03.061.254/0001-08;R.;HERMINIO DE MELLO,;226;;DISTRITO INDUSTRIAL;INDAIATUBA;SP;BRASIL;(11) 2105-3100;"claudio@thermoglass.com.br ";"JOFFRE MORETTI FILHO ";13347460;NULL;" "
UBIRAJARA BITTENCOURT SANTANA ME;EXTRAVIDROS;33.892.639/0001-88;AVENIDA;VASCO DA GAMA;693;CASA;ENGENHO VELHO DA FEDERAÇÃO;SALVADOR;BA;BRASIL;(71) 3334-6661;extravidros@yahoo.com.br;UBIRAJARA SANTANA;40211-500;2015-06-30 16:58:36.897;NULL
UBV- UNIÃO BRASILEIRA DE VIDROS S/A;UBV;60.837.689/0001-35;AVENIDA;SENADOR TEOTÔNIO VILELA;KM 30;RUA RUBEM DARIO;JD GUANABARA;SÃO PAULO;SP;BRASIL;(11) 2164-7088;diego.mota@vidrosubv.com.br;DIEGO MOTA;04864-900;2017-08-29 16:50:56.187;NULL
UBVA COMERCIO DE FERRAGENS LTDA;UBVA DISTRIBUIDORA;43.496.325/0001-10;R.;DOUTOR VALERIO SOBANIA,;164;;THOMAZ COELHO;ARAUCARIA;PR;BRASIL;41-3512-0606;claudia@ubva.com.br;CLAUDIA DE MORAIS;83707-125;NULL;" "
UNIAO INDUSTRIA DE FERRAGENS EIRELI;DICEVI;26.196.364/0001-82;RUA;QUINZE DE NOVEMBRO,;260;;MONTESE;FORTALEZA;CE;BRASIL;85-3095-3448;gerencia@uniaovidrosce.com.br;MARCOS JANUSIO;60421-035;NULL;" "
UNIVETRO INDÚSTRIA E COMÉRCIO DE VIDROS LTDA - EPP;UNIVETRO;14.896.601/0001-39;AVENIDA;JOÃO BATISTA VETORASSO;1759;;DISTRITO INDUSTRIAL;SÃO JOSÉ DO RIO PRETO;SP;BRASIL;(17) 3122-7100;roberta@univetro.com.br;ROBERTA;15035-470;NULL;NULL
UNIVIDROS COM. IND. IMPORTADORA DE VIDROS LTDA;UNIVIDROS;80.993.272/0001-79;RUA;HILÁRIO JOSÉ DE MELLO;380;;REVOREDO;TUBARÃO;SC;BRASIL;(48) 3301-6000;jose.paycorich@vibras.com.br;JOSÉ ANTONIO GIRATTA PAYCORICH;88704-780;2024-08-20 10:27:47.457;" "
"UNO COMERCIO DE VIDROS LTDA                          ";UNO;31.523.992/0001-65;RUA;"DOUTOR VALÉRIO SOBANIA     ";164;;"THOMAZ COELHO                 ";"PR - ARAUCARIA                ";PR;BRASIL;41-2108-1000;MARKETING@UNOGLASS.COM.BR;"CARLOS DONIZETE PLAC                                 ";83707-125;NULL;NULL
UNYON TRADING LTDA;VIPDOOR;03.901.080/0001-44;RUA;CURUPA;193;;VILA FORMOSA;SÃO PAULO;SP;BRASIL;(11) 2673-6633;marketing@vipdoor.net;RENE ROMANO;03355-010;NULL;NULL
V.P.M. - VIDROS PLANOS E MÓVEIS LTDA;V.P.M. - VIDROS;24.840.969/0001-39;AVENIDA;BANDEIRANTES;254;;IPIRANGA;GOIÂNIA;GO;BRASIL;(62) 3297-3500;erik@vpm.com.br;ERIK VINICIUS PARREIRA;74453-040;2024-06-18 16:06:06.130;" "
V1 VIDROS - DUARTE & CIA LTDA;V1 VIDROS;07.476.927/0001-41;RUA.;ANGELINA RICCI VEZOZZO,;640;;INDÚSTRIAS LEVES;LONDRINA;PR;BRASIL;43-3356-4141;marcelo@v1vidros.com.br;MARCELO DUARTE DE MELO;86030-340;NULL;" "
VARELLA COM DE ESQUADRIAS E VIDROS LTDA;;05.324.894/0002-70;AV.;MARIO ANDREAZA,;16;;DISTRITO DA GUARITA;VARZEA GRANDE;MT;;;;;78156105;NULL;NULL
VARELLA INDUSTRIA E COMERCIO DE VIDROS;VARELLA VIDROS;05.324.894/0001-99;AVENIDA;MARIO ANDREAZA;215;EMPRESA;DISTRITO DA GUARITA;VARZEA GRANDE;MT;BRASIL;(65) 3637-2880;financeiro@varellavidros.com.br;SYRLANNE;78156-105;NULL;NULL
VDC INDUSTRIA DE ESQUADRIAS LTDA;CONTEMPER;31.701.739/0001-54;ROD;BR 116;S/N;QUADRA SEDE DA SUDIC;DISTRITO INDUSTRIAL;VITÓRIA DA CONQUISTA;BA;BRASIL;(77) 3429-8600;danilo@contemper.com.br;;45089-340;2022-05-09 11:53:03.000;NULL
VERA & CRUZ IND. COM. IMP. EXP LTDA;VERA CRUZ IND DE VIDROS;95.856.522/0001-04;AVENIDA;ALTAMIRO DI BERNARDI;660;APT 1201;CAMPINAS;SÃO JOSÉ;SC;BRASIL;(48) 3086-8888;claudio@veracruz.ind.br;CLAUDIO VIEIRA CRUZ;88101-150;NULL;NULL
VERBUS COMUNICAÇÃO EDITORIAL LTDA;O VIDROPLANO;65.513.236/0001-77;RUA;GAMA LOBO;2141;SALA 1;VILA DOM PEDRO I;SÃO PAULO;SP;BRASIL;(11) 5068-3502;amorim@verbuscomunicacao.com.br;AMORIM LEITE;04269-001;2024-09-06 14:54:32.853;NULL
VERSA CONSTRUÇÕES LTDA;VERSA;33.538.240/0001-01;QUADRA;CONJUNTO 4 CHÁCARA 67;QUADRA  05;LOTE 2C;SETOR HABITACIONAL ARNIQUEIRA (ÁGUAS CLARAS) ;BRASÍLIA;DF;BRASIL;(61) 3233-3104;construtoraversaltda@gmail.com;JULIO CESAR;71994-375;2017-09-20 12:38:35.487;NULL
VETRO BAHIA INDUSTRIA DE VIDROS;ALUMIAÇO;19.551.754/0001-68;RUA;VIA DAS TORRES;1004;GALPAO 8;CIA SUL;SIMÕES FILHO;BA;BRASIL;(71) 3199-2200;gilmar@alumiaco.com.br;GILMAR;43700-000;2015-08-08 13:12:04.010;NULL
VETRO DISTRIBUIDORA DE VIDROS EIRELI;VETRO;14.367.697/0001-48;AVENIDA;MARIA IRENE;35;GALPAO VETRO;IBURA;RECIFE;PE;BRASIL;(81) 3462-5241;financeiro@vetro-ind.com.br;RENATA;51250-020;2015-08-06 09:36:53.553;NULL
VETRO FABRICAÇÃO DE ESQUADRIAS DE ALUMINÍO;VETRO VIDROS;17.787.724/0001-20;RUA;ACÁCIAS;120;;DISTRITO INDÚSTRIAL;PINHALZINHO;SC;BRASIL;(49) 3366-1019;tatianabraun@hotmail.com;TATIANA;89870-000;2019-04-08 15:55:48.103;NULL
VETRO MÁQUINAS COM. REPRES. MAQ. VIDRO LTDA;VETRO MÁQUINAS;96.210.802/0001-03;RUA;GEORG REXROTH;609;BLOCO F CONJ 1;PIRAPORINHA;DIADEMA;SP;BRASIL;(11) 5041-6688;wagner.hubmann@hotmail.com;WAGNER R. HUBMANN;09951-270;2024-05-24 11:12:18.010;" "
VETRO SYSTEM FABRICAÇÃO DE ESQUADRILHAS ESPECIAIS LTDA;;05.704.948/0001-41;R;JOAO FRANCISCO BENSDORP;960;;NAUTICA 3;SAO VICENTE;SP;;;;;11350001;NULL;NULL
VETROEX INDÚSTRIA E COMÉRCIO DE VIDROS DE SEGURANÇA LTDA;;05.376.730/0001-05;AV.;SANTANA DA BOA VISTA,;186;;CIDADE INDUSTRIAL;GUARULHOS;SP;;;;;07222110;NULL;NULL
VF RECICLAGEM LTDA;VF RECICLAGEM;01.966.619/0001-18;RUA;GOIAS;197;CASA;ITAPOÃ;VILA VELHA;ES;BRASIL;(27) 9982-8324;silveriovf@globo.com;SILVERIO SILVA;29101-580;2019-05-15 11:25:42.317;NULL
VHM VIDROS LTDA;VHM VIDROS;14.800.964/0001-29;RUA;GUARACY ALBERTO CAMPOS;3801;;DISTRITO INDUSTRIAL;VENÂNCIO AIRES;RS;BRASIL;(51) 3741-4847;gerencia@vhmvidros.com.br;MÔNICA;95800-000;2024-07-12 15:54:11.727;" "
VIDRAÇARIA CATHARINA LTDA;VIDRAÇARIA CATHARINA;25.953.175/0001-44;RUA;CINCO;117;;MORRO DO CONFISCO (ARVOREDO);CONTAGEM;MG;BRASIL;(31) 3364-7876;catharinatemper@hotmail.com;3133647876;32113-300;2017-08-02 13:27:15.787;S
VIDRACARIA GUAPORE LTDA;GUAPORÉ VIDROS;03.835.188/0011-58;AVENIDA;"DA INTEGRAÇÃO ";410;CAIXA POSTAL 86;LIC NORTE;SINOP;MT;BRASIL;(66) 3515-8602;silvia@guaporevidros.com.br;GUAPOREVIDROS-SINOP;78555-000;2019-08-16 11:00:21.540;NULL
VIDRAÇARIA GUAPORÉ LTDA;GUAPORÉ VIDROS;03.835.188/0001-86;AVENIDA;8 DE ABRIL;410;;JOSÉ PINTO;CUIABÁ;MT;BRASIL;(65) 3316-8787;rodolfo@guaporevidrosmt.com.br;RODOLFO GARCIA PEREIRA;78025-340;2024-10-17 14:32:06.657;" "
VIDRAÇARIA GUAPORÉ LTDA - SINOP;;03.835.188/0001-58;AV.;DA INTEGRAÇÃO,;410;CAIXA POSTAL 86;;SINOP;MT;;;;;78550000;NULL;NULL
"VIDRACARIA IRMÃOS PAIVA ";VIDRACARIA IRMÃOS PAIVA;22.753.966/0001-32;RUA;ÔNIX;55;;SÃO JOAQUIM;CONTAGEM;MG;BRASIL;(31) 3357-3282;flaviomagalhaes@vidropaiva.com;"BRENDA ";32113-330;2022-11-14 19:52:23.460;S
VIDRAÇARIA LINDE LTDA;;83.743.138/0001-08;R;TENENTE ARY RAUEM;82;;CENTRO;MAFRA;SC;;;;;89300000;NULL;" "
"VIDRAÇARIA LINDE LTDA                                ";VIDRAÇARIA LINDE;83.743.138/0004-50;RUA;"TENENTE ARY RAUEN       ";82;;"CENTRO                        ";"SC - MAFRA                    ";SC;BRASIL;47-3641-4444;COMPRAS@LINDEVIDROS.COM.BR;"DANIEL VANDERLINDE                                   ";89300-000;NULL;S
"VIDRACARIA MANCHESTER LTDA                           ";VIDRAÇARIA MANCHESTER;86.458.379/0001-01;AVENIDA;RUI BARBOSA;165;;"MARIANO PROCÓPIO              ";"MG - JUIZ DE FORA             ";MG;BRASIL;32-32155298;GASPARETTOJF@VELOXMAIL.COM.BR;"VÍTOR SÉRGIO PEREIRA DE SOUZA                        ";36080-090;NULL;S
VIDRAÇARIA MARACANÃ LTDA;"VIDRAÇARIA MARACANÃ ";33.821.554/0001-09;RUA;HADDOCK LOBO;41/45;;ESTÁCIO;RIO DE JANEIRO;RJ;BRASIL;(21) 2502-7046;patricia@vidracariamaracana.com.br;PATRÍCIA DINIZ;20260-130;NULL;S
VIDRAÇARIA MARINHO E CIA LTDA - WALTER MARINHO E CIA LTDA;;07.294.523/0001-37;ROD.;BR 116,;KM16,;Nº 7.135;PEDRAS;EUSÉBIO;CE;;;;;60871201;NULL;NULL
VIDRAÇARIA PALÁCIO DOS CRISTAIS LTDA;;00.928.415/0001-20;R.;INDEPENDENCIA,;253;;VILA RENATA;GUARULHOS;SP;;;;;07056010;NULL;NULL
VIDRAÇARIA PESTANA  LTDA - PESTANA VIDROS;PESTANA VIDROS;17.407.214/0001-80;AVENIDA;PERIMETRAL;2.621;;DISTRITO INDUSTRIAL VALE DO JATOBÁ (BARREIRO) ;BELO HORIZONTE;MG;BRASIL;(31) 3389-1750;albert@pestanavidros.com.br;ALBERT PESTANA;30668-277;2024-07-29 12:20:37.997;" "
VIDRAÇARIA PRIMOS LTDA;TÊMPERA PRIMOS;80.934.375/0003-20;AV.;PREFEITO ORNITH BOLLMANN,;325;;BRASÍLIA;SAO BENTO DO SUL;SC;BRASIL;47-3633-3000;deni@temperaprimos.com.br;DENILSON BONFANTI;89282-425;NULL;" "
VIDRAÇARIA SALTON LTDA;;89.291.850/0002-80;AV.;JOÃO CATTAPAN,;1005;;SANTA MARTA;PASSO FUNDO;RS;;;;;99036000;NULL;NULL
VIDRAÇARIA SÃO PEDRO LTDA.;VIDRAÇARIA SÃO PEDRO;84.932.318/0001-09;RUA;DOUTOR WALMOR RIBEIRO;125;VIDRAÇARIA SÃO PEDRO;CORAL;LAGES;SC;BRASIL;(49) 3223-0500;financeiro@vidracariasaopedro.com.br;MARIA ESTHER;88523-060;NULL;S
VIDRAÇARIA TONIGLASS LTDA;TONIGLASS;16.713.909/0001-27;AVENIDA;REPÚBLICA DO LIBANO;589;;TRÊS VENDAS;PELOTAS;RS;BRASIL;(53) 3283-1834;toniglassprojetos@gmail.com;53999643649;96055-710;2024-06-14 19:09:12.910;NULL
VIDRAÇARIA UNIÃO LTDA;VIDRAÇARIA UNIÃO / RR;22.888.549/0001-05;AV.;GENERAL ATAÍDE TEIVE,;2608;;LIBERDADE;BOA VISTA;RR;BRASIL;95-3625-1279;tacitomoreira@hotmail.com;TÁCITO MOREIRA ISRAE;69304-360;NULL;" "
"VIDRAÇARIA VITRINE LTDA                              ";VIDRAÇARIA VITRINE;03.630.698/0001-17;RUA;VEREADOR GERALDO PEREIRA;477;;"PE EUSTÁQUIO                  ";"MG - BELO HORIZONTE           ";MG;BRASIL;31-34125055;VIDRACARIAVITRINE@TERRA.COM.BR;"CARLOS PEREIRA BRUM                                  ";30720-400;NULL;S
VIDRAGE EIRELI;VIDROBRÁS;04.560.894/0001-25;RUA;AUGUSTO GNEIDING,;341;;IND NORTE;RIO NEGRINHO;SC;BRASIL;47-3203-0150;adm@vidrage.com.br;CLÁUDIO VANDERLINDE;89295-000;NULL;NULL
"VIDRAGGE IND E COM DE VIDROS ";VITRON;10.693.136/0001-88;QUADRA;"ÁREA ESPECIAL 15  LOTE 22 ";22;SETOR E SUL;TAGUATINGA SUL;TAGUATINGA;DF;BRASIL;(61) 3043-0099;joseneves.vitron@gmail.com;JOSÉ NEVES FILHO;72025-345;2017-07-29 15:28:07.507;NULL
"VIDRAK VISORES DE VIDROS INDUSTRIAIS LTDA            ";VIDRAK;22.633.336/0001-24;AVENIDA;GENERAL MOTORS;120;;"IPORANGA                      ";"SP - SOROCABA                 ";SP;BRASIL;11-4903-3113;vendas@vidrak.com.br;"DIRETORIA                                            ";18087-165;NULL;S
VIDRALIA LTDA;VIDRALIA;17.185.141/0001-29;RUA;PADRE JOAQUIM DE SOUZA SILVA;100;;JARDIM INDUSTRIAL;CONTAGEM;MG;BRASIL;(31) 3386-1700;wallison@vidralia.com.br;WALLISON PEREIRA;32220-330;2017-10-17 10:42:13.763;S
VIDRART VIDRAÇARIA LTDA;TEMPERJET;01.971.337/0001-09;AVENIDA;MELVIM JONES;202;;PARQUE INDUSTRIAL BANDEIRANTES;MARINGÁ;PR;BRASIL;(44) 3026-6557;oliveira789@hotmail.com;BIRILIO OLIVEIRA;87070-030;NULL;S
VIDRATOO - DISTRIBUIDORA E BENEFICIADORA DE VIDROS;VIDRATOO;24.415.877/0001-01;AV.;ROTARY,;639;;SERRARIA;DIADEMA;SP;BRASIL;11-4056-2609;;ANA PAULA MELLO;09980-600;NULL;NULL
VIDRATTO - WM COMÉRCIO E INDÚSTRIA DE VIDROS LTDA;VIDRATTO;08.393.808/0001-98;QUADRA;SIA SUL - TRECHO 04 - LOTES;440/450;.;GUARÁ;BRASÍLIA;DF;BRASIL;(61) 8427-9869;joseneves.vidratto@gmail.com;JOSÉ NEVES/ ANA PAULA;71200-040;2015-10-02 11:13:00.763;NULL
VIDREX LTDA;VIDREX;02.332.406/0001-05;RUA;ESTEVÃO CAPRIATA;417;;VILA PROGRESSO;CAMPO GRANDE;MS;BRASIL;(67) 3316-2303;compras@vidrextemperados.com.br;ELIDIO MORALES;79050-440;NULL;NULL
VIDRIERÍA BIA S. A;VIDRIERÍA BIA;NULL;NULL;BR. JOSÉ BATLLE Y ORDÓÑEZ 3483;NULL;NULL;NULL;MONTEVIDEO;NULL;URUGUAY;"2487-0707 ";bia@bia.com.uy;NULL;0000;NULL;NULL
VIDRIERIA ORIENTAL;VIDRIERIA ORIENTAL;2;NULL;AV. OVIDIO BARBERI, 100;NULL;NULL;NULL;SANTA CRUZ DE LA SIERRA;NULL;BOLÍVIA;591-3-341-8578;limber.siles.rojas@gmail.com;NULL;00000-000;2022-08-13 14:02:11.927;NULL
VIDRIERIA ORIENTAL;VIDRIERIA ORIENTAL;NULL;NULL;AV. OVIDIO BARBERI, 100;NULL;NULL;NULL;SANTA CRUZ DE LA SIERRA;NULL;BOLÍVIA;591-3-341-8578;limber.siles.rojas@gmail.com;NULL;00000-000;2022-08-13 14:06:59.977;NULL
VIDRIERIA ORIENTAL;VIDRIERIA ORIENTAL;NULL;NULL;AV. OVIDIO BARBERI, 100;NULL;NULL;NULL;SANTA CRUZ DE LA SIERRA;NULL;BOLÍVIA;591-3-341-8578;limber.siles.rojas@gmail.com;NULL;00000-000;2022-08-13 14:11:53.523;NULL
VIDRIERIA ORIENTAL;VIDRIERIA ORIENTAL;8;NULL;AV. OVIDIO BARBERI, 100;NULL;NULL;NULL;SANTA CRUZ DE LA SIERRA;NULL;BOLÍVIA;591-3-341-8578;limber.siles.rojas@gmail.com;NULL;00000-000;2017-10-20 10:15:56.647;NULL
VIDRIERIA ORIENTAL;VIDRIERIA ORIENTAL;7;NULL;AV. OVIDIO BARBERI, 100;NULL;NULL;NULL;SANTA CRUZ DE LA SIERRA;NULL;BOLÍVIA;591-3-341-8578;limber.siles.rojas@gmail.com;NULL;00000-000;2019-10-03 16:52:54.403;NULL
VIDRIOCAR S. A.;VIDRIOCAR;3;NULL;PITIANTUTA 637 C/ DR. SOSA, ZONA SUR;NULL;NULL;NULL;FERNANDO DE LA MORA;NULL;PARAGUAI;595 21-518-8000;diegof@vidriocar.com.py;NULL;XXXX;2019-05-07 13:18:38.233;NULL
"VIDRIOCAR S. A. ";VIDRIOCAR;6;NULL;PITIANTUTA 637 C/ DR. SOSA, ZONA SUR;NULL;NULL;NULL;FERNANDO DE LA MORA;NULL;PARAGUAI;595 21-518-8000;marianod@vidriocar.com.py;NULL;XXXXX;2017-10-11 12:01:54.867;NULL
VIDRIOCAR S.A.;VIDRIOCAR S.A.;NULL;NULL;PITIANTUTA 637;NULL;NULL;NULL;ASUNCIÓN;NULL;CENTRAL;+595215188000;cintiac@vidriocar.com.py;NULL;000;NULL;NULL
VIDRIOCAR S.A.;VIDRIOCAR S.A.;NULL;NULL;PITIANTUTA 637;NULL;NULL;NULL;ASUNCIÓN;NULL;CENTRAL;+595215188000;gastonl@vidriocar.com.py;NULL;000;NULL;NULL
VIDRO CURVO INDÚSTRIA E COMÉRCIO LTDA - EPP;"VIDRO CURVO ";03.673.447/0001-10;RUA;ENGENHEIRO ALFRED JOHANN LIEMERT,;89B;;JD PACAEMBU;PRESIDENTE PRUDENTE;SP;BRASIL;(18) 3908-8094;compras@vidrocurvo.com.br;MAURICIO;19061-251;NULL;NULL
VIDRO RAPIDO LTDA;VIDRO RAPIDO;16.687.394/0001-38;RUA;POUSO ALEGRE;1449;LOJA;FLORESTA;BELO HORIZONTE;MG;BRASIL;(31) 3463-6344;vidrorapido@vidrorapido.com.br;ADEILTON;31015-215;2015-06-18 15:23:14.447;NULL
VIDROBENS INDÚSTRIA E COMÉRCIO LTDA;"VIDROBENS ";67.290.858/0001-09;RUA;DANIEL ANTÔNIO DE FREITAS;661;;DISTRITO INDUSTRIAL;SÃO JOSÉ DO RIO PRETO;SP;BRASIL;(17) 3334-6300;vidrobens@vidrobens.com;DANIELA;15035-540;2015-06-25 16:18:58.563;" "
VIDROBOX TEMPER DE MONTES CLAROS LTDA;;09.200.174/0001-72;R.;"VINTE E SETE, ";10;;ALTO DA BOA VISTA;MONTES CLAROS;MG;BRASIL;;;;39402782;NULL;NULL
"VIDROBOX VIDROS GERAIS LTDA ";VIDROBOX;87.036.513/0001-30;RUA;WILLY TEICHMANN;215;;DISTRITO INDUSTRIAL;CACHOEIRINHA;RS;BRASIL;(51) 3302-4343;gilberto@vidrobox.com.br;GILBERTO RIBEIRO;94930-635;2022-07-20 15:44:29.017;" "
VIDROESTE VIDROS TEMPERADOS LTDA - EPP;"VIDROESTE ";62.736.574/0001-80;ESTRADA;MUNICIPAL BTV 435,;601;- CAIXA POSTAL 181;ÁGUA BRANCA;BOITUVA;SP;;;"comercial@vidroeste.ind.br ";"ANTÔNIO BETTINI ";18550000;NULL;" "
VIDROFORT INDUSTRIAL LTDA;;04.342.151/0001-89;R.;"""E"",";;LOTE 80;DISTRITO INDUSTRIAL;TERESINA;PI;;;;;64025050;NULL;NULL
VIDROFORTE IND. E COM. DE VIDROS LTDA;VIDROFORTE;92.639.954/0002-48;ESTR.;RS 122,;4545;;DESVIO RIZZO;CAXIAS DO SUL;RS;BRASIL;54-3209-6600;glislaine.correa@vidroforte.com.br;EDUARDO HEINEN;95110-670;NULL;" "
VIDROFORTE INDÚSTRIA, COMÉRCIO DE VIDRO LTDA;VIDROFORTE LTDA;92.639.954/0005-90;RODOVIA;"RS 122 KM 69,5 ";4545;;DISTRITO INDUSTRIAL;CAXIAS DO SUL;RS;BRASIL;(54) 3209-6600;vania@vidroforte.com.br;VANIA VENCATO;95110-670;2017-08-15 13:09:42.687;NULL
VIDROLAR COMERCIAL DE VIDROS LTDA;"VIDROLAR   ";77.948.750/0001-14;RUA;CYRO CORREIA PEREIRA;943;;CIDADE INDUSTRIAL;CURITIBA;PR;BRASIL;(41) 3014-2200;fernanda.kovalski@vidrolar.com;FERNANDA;81460-050;2024-06-28 14:10:38.677;" "
VIDROLINE VIDROS TEMPERADOS LTDA;VIDROLINE;05.991.472/0001-77;AVENIDA;JOSÉ GERALDO DE MATTOS BARROS,;1.095;;DISTRITO ÁREA INDUSTRIAL DE PIRACANCAGUÁ;TAUBATÉ;SP;BRASIL;(12) 2123-8888;juliana.ferrari@vidroline.com.br;JULIANA;12042-055;NULL;NULL
VIDROMETRO LTDA;VIDROMETRO LTDA;02.578.558/0001-84;RODOVIA;ANEL RODOVIÁRIO CELSO MELLO AZEVEDO;9852;;JOÃO PINHEIRO;BELO HORIZONTE;MG;BRASIL;(31) 3439-1650;contasapagar@vidrometro.com;DELCILEI;30530-022;2022-10-03 10:46:14.000;S
VIDROMEXICANO COMERCIO DE VIDROS LTDA;VIDROMEX;72.649.130/0001-60;QUADRA;CLN 405 BLOCO B;loja 13/17;;ASA NORTE;BRASÍLIA;DF;BRASIL;(61) 3347-8029;vidromex@vidromex.com.br;SEBASTIÃO;70846-520;2017-09-30 19:10:27.803;NULL
VIDROMINAS INDÚSTRIA E COMÉRCIO LTDA;VIDROMINAS;22.656.847/0001-61;ROD.;ALFENAS CAMPOS GERAIS Km;4;LOTE 08;GASPAR LOPES;ALFENAS;MG;BRASIL;"(35) 3701-1000 ";"daniel@vidrominas.com.br ";"ALTAMAR OLIVEIRA ";37130000;NULL;" "
VIDROMIR INDÚSTRIA E COMÉRCIO DE VIDROS TEMPERADOS LTDA;PERSONAL GLASS;00.713.282/0001-74;RUA;JANUÁRIO PEREIRA DE LIMA;283;;GUARDA DO CUBATÃO;PALHOÇA;SC;BRASIL;(48) 3033-1333;samir@personalglass.com.br;SAMIR;88135-380;2024-06-06 12:17:06.547;" "
VIDRONOVO - IND. E COM. VIDRONOVO IMP. E EXP. LTDA;VIDRONOVO;07.617.472/0001-37;RUA;FLÁVIO BELTRAME;220;;UNILESTE;PIRACICABA;SP;BRASIL;(19) 3429-1300;adrianorossin@vidronovo.com.br;ADRIANO ROSSIN;13422-140;NULL;NULL
VIDROS COMÉRCIO E INDÚSTRIA BELÉM LTDA;VIDROS BELÉM;33.052.515/0001-94;RUA;SÃO CRISTÓVÃO;420/432;;SÃO CRISTÓVÃO;RIO DE JANEIRO;RJ;BRASIL;(21) 2589-0430;tony@vidrosbelem.com.br;"TONY SKARDANAS ";20940-000;2022-10-14 10:18:06.153;" "
"VIDROSEG COM DE VIDROS LTDA                          ";VIDROSEG;38.588.190/0001-82;RUA;ORLANDO PITANGA;45;;"SALGADO FILHO                 ";"MG - BELO HORIZONTE           ";MG;BRASIL;31-33734960;VIDROSEG@VIDROSEG.COM.BR;"ROSINEIA NOGUEIRA DA SILVA MARTINS                   ";30550-620;NULL;S
VIDROSISTEMAS COMERCIO ATACADISTA E VAREJISTA LTDA.;VIDROSISTEMAS;14.032.765/0001-18;AVENIDA;"PALMIRO NOVI ";174;;ARAPONGAL;REGISTRO;SP;BRASIL;(13) 3822-5069;angelo.arruda@vidrosistemas.com.br;ANGELO ARRUDA;11900-000;2024-07-25 12:06:10.967;" "
VIDROSPEL VIDROS ESP MOLDURAS LTDA;VIDROSPEL VIDRAÇARIA;31.353.493/0001-77;AVENIDA;TEN.CEL.MUNIZ DE ARAGÃO;2092;GALPÃO;ANIL / JACAREPAGUA;RIO DE JANEIRO;RJ;BRASIL;(21) 2425-5521;joao-procopio@hotmail.com;JOÃO PROCOPIO;22765-008;2024-09-19 16:25:30.373;S
VILUX S.A.;VILUX. S.A.;3;NULL;PITIANTUTA 637;NULL;NULL;NULL;ASUNCION;NULL;PARAGUAI;59521518800;raquelm@vilux.com.py;NULL;2160;2022-10-10 16:08:14.503;NULL
VILUX S.A.;VILUX. S.A.;NULL;NULL;PITIANTUTA 637;NULL;NULL;NULL;ASUNCION;NULL;PARAGUAI;59521518800;raquelm@vilux.com.py;NULL;2160;2022-10-10 16:33:42.140;NULL
VILUX S.A.;VILUX. S.A.;NULL;NULL;PITIANTUTA 637;NULL;NULL;NULL;ASUNCION;NULL;PARAGUAI;59521518800;raquelm@vilux.com.py;NULL;2160;2022-10-10 16:40:51.643;NULL
VIMINAS VIDROS ESPECIAIS LTDA;VIMINAS;31.702.947/0003-30;AVENIDA;TALMA RODRIGUES RIBEIRO;"1.987 ";"E 2.209 ";"CIVIT II ";"SERRA ";ES;BRASIL;(27) 3398-1500;mauricio@viminas.com.br;"RAFAEL ";29168-080;2024-10-11 11:34:03.053;" "
"VIMINAS VIDROS ESPECIAIS LTDA                        ";"VIMINAS-MG ";31.702.947/0005-00;AVENIDA;BRIGADEIRO EDUARDO GOMES;1265;;"GLÓRIA                        ";"MG - BELO HORIZONTE           ";MG;BRASIL;31-34191000;paulohenrique@viminas.com.br;"DIRETORIA                                            ";30870-100;NULL;S
VIPEL INDÚSTRIA E COMÉRCIO LTDA;VIPEL;80.481.146/0001-35;RUA;JOSÉ ALVES DOS SANTOS PASSOS;5.005;;SÃO MARTINHO;TUBARÃO;SC;BRASIL;(48) 3631-0100;rafael@vipel.ind.br;RAFAEL;88708-701;2022-05-09 17:23:51.503;" "
VIPRADO IND. E COMÉRCIO DE VIDROS LTDA;VIPRADO;94.352.903/0001-85;ROD.;RS 122 - KM 123 - NR;600;;INDUSTRIAL;ANTONIO PRADO;RS;BRASIL;"54-3293-4900 ";"viprado@viprado.com.br ";"FERNANDO BOLZAN ";95250000;NULL;" "
VISA VIDROS DE SEGURANÇA;VISA VIDROS;07.496.819/0001-30;RUA;AZALEIA;203;;JARDIM ELDORADO;PALHOÇA;SC;BRASIL;(48) 3033-4455;altemir@visavidros.com.br;ALTEMIR DE FREITAS ZAMPARETTI;88133-382;2017-11-03 15:37:57.073;NULL
"VISION INDUSTRIA E COMERCIO LTDA - EPP               ";VISION ESPELHOS;50.885.193/0001-83;RUA;"DIANOPOLIS  ";1654;;"VILA PRUDENTE                 ";"SP - SÃO PAULO                ";SP;BRASIL;11-2695-3000;ARTHUR@VISION.IND.BR;"ARTHUR MAGUETA COSTA                                 ";03126-007;NULL;S
VITOR CARLOS TRÊS & CIA LTDA;"CASA DO VIDRO (VCT) ";02.745.261/0001-66;RUA;CIRO CINI,;120;;VINOSUL;BENTO GONÇALVES;RS;;"54-3449-1499 ";"hilde@cvidro.com.br ";"CONSUELO BACCEGA TRÊ ";95700000;NULL;" "
VITORIA INDUSTRIA DE VIDROS LTDA;VITORIA VIDROS TÊMPERA;13.962.219/0001-13;ROD.;SE 216,;95;;HORTA;LAGARTO;SE;BRASIL;79-9-8872-1121;glaucioroniere@gmail.com;GENILSON OLIVEIRA SANTOS;49400-000;NULL;" "
VITRAGGE IND. E COM. DE VIDROS LTDA;VITRON;26.976.183/0001-79;RUA;ÁREA ESPECIAL 15 LOTE 22 SETOR E SUL;22;VITRON;TAGUATINGA SUL (TAGUATINGA) ;BRASÍLIA;DF;BRASIL;(61) 3043-0099;anapaula.vitron@gmail.com;ANA PAULA;72025-345;2019-02-26 13:08:59.277;NULL
VITRAL TEMPERA IND E COM LTDA-ME;VITRALLUX;10.355.593/0001-62;AV.;SANTA LUZIA,;1101;;VILA TANCREDO NEVES;ACAILANDIA;MA;BRASIL;99-3535-7600;vitraltempera@gmail.com;DJALMA SOUZA CHAVES;65930-000;NULL;" "
VITRAL VIDROS PLANOS LTDA;VITRAL VIDROS PLANOS;00.033.241/0002-181;RUA;STRC TRECHO 02;11;" RODOVIARIA CARGA SETOR CARGAS";ZONA INDUSTRIAL;"BRASÍLIA ";DF;BRASIL;(61) 3462-3200;ricardo@vitral.com.br;RICARDO;71225-520;2017-08-31 13:19:09.067;NULL
VITRAL VIDROS PLANOS LTDA  (DF);VITRAL VIDROS - DF;00.033.241/0002-18;RUA;STRC TRECHO 02;2;"CONJUNTO D, LOTE 11/12 ";ZONA INDUSTRIAL;BRASÍLIA;DF;BRASIL;(61) 3462-3201;secretaria@vitral.com.br;RICARDO;71225-520;2022-09-19 14:10:58.777;" "
VITRAL VIDROS PLANOS LTDA (GO);VITRAL VIDROS GO;00.033.241/0004-80;RUA.;DOS GUATAMBUS,;248;;SÍTIO DE RECREIO MANSÕES BERNA;GOIÂNIA;GO;BRASIL;62-3240-2400;jota@vitral.com.br;JOTA;74681-225;NULL;" "
VITRAL VIDROS PLANOS LTDA (MG);VITRAL VIDROS - MG;00.033.241/0003-07;AVENIDA;JOSÉ ANDRAUS GASSANI,;4775;.;DISTRITO INDUSTRIAL;UBERLÂNDIA;MG;BRASIL;(34) 3233-8900;joaquim@vitral.com.br;JOAQUIM DE OLIVEIRA;38402-324;2024-10-15 17:26:36.953;" "
VITRAX - TEMPERTINS INDÚSTRIA E COMÉRCIO DE VIDROS LTDA;;07.360.547/0001-47;;612 SUL (ARSE) AL.;03;- LTS. 15/21 - SALA 01;SETOR INDUSTRIAL;PALMAS;TO;;;;;77022098;NULL;" "
VITRINO INDUSTRIA E COMERCIO DE VIDROS EIRELI;VITRINO VIDROS;12.462.754/0001-42;ROD.;BR 280,;5065;;COLEGIO AGRICOLA ARAQUARI;ARAQUARI;SC;BRASIL;47-34322693;comercial@vitrinovidros.com.br;BRUNO HERNANDES AFFONSO LARA;89245-000;NULL;" "
VITRIUM IND. E COM. DE VIDROS LTDA;;11.656.571/0001-03;AV.;PROJETADA 31,;206;LOTE 01 - QUADRA 84;INTERMARES;CABEDELO;PB;;;;;58310000;NULL;NULL
VITRIUM INDÚSTRIA E COMÉRCIO DE VIDROS LTDA;VITRIUM VIDROS;03.317.169/0001-68;RUA;MAR DO CARIBE;206;GALPÃO;PORTAL DO POÇO;CABEDELO;PB;BRASIL;(83) 3248-1173;karina@vitriumvidros.com.br;KARINA CHAVES;58106-282;2022-04-30 18:37:44.373;" "
"VITRO DO BRASIL IND E COM LTDA                       ";VITRO DO BRASIL;56.656.382/0001-60;AVENIDA;DEP EMILIO CARLOS;1551;;"VL CALDAS                     ";"SP - CARAPICUIBA              ";SP;BRASIL;11-4241-8870;esouzac@vitro.com;"DIRETORIA                                            ";06310-160;NULL;S
VITRON BRASÍLIA;VITRON BRASÍLIA;31.507.116/0001-45;QUADRA;SCIA QUADRA 8 CONJ 11 LOTE 13;13;"SCIA ";SCIA;BRASILIA;DF;BRASIL;(61) 9842-7986;joseneves.vitron@gmail.com;JOSÉ NEVES;71250-725;2021-09-19 13:18:32.000;NULL
VITRON GLASS - VITRON INDÚSTRIA E COMÉRCIO DE VIDROS LTDA;;16.550.186/0001-92;AV.;ENGENHEIRO EUSÉBIO STEVAUX,;1771;.;JURUBATUBA;SÃO PAULO;SP;;;;;04696000;NULL;NULL
VITRUM COM. DE VIDROS;VITRUM COM. DE VIDROS;34.250.216/0001-27;AVENIDA;MARIANA;1437;;SANTO ANDRÉ;"MG - BELO HORIZONTE           ";MG;BRASIL;31- 3324-2697;marcela.vitrum@gmail.com;MARCELA GRAMISCELLI;31210-420;NULL;NULL
VIVIANE CARNEIRO DA SILVA;IVO GLASS DESING;31.022.780/0001-02;RUA;ANDRE VIDAL DE NEGREIROS;25;CASA;ESTANCIA;RECIFE;PE;BRASIL;(81) 9830-5271;viviaglassdesing@hotmail.com;81 980552712;50771-590;2019-07-23 12:51:04.177;NULL
VIVIX - COMPANHIA BRASILEIRA DE VIDROS PLANOS;VIVIX;10.858.291/0001-07;RUA;ENGENHO SÃO JOÃO DA VÁRZEA;s/n;;VÁRZEA;RECIFE;PE;BRASIL;(81) 9732-7328;patricia.robalinho@vivix.com.br;PATRÍCIA ROBALINHO;50741-520;2024-09-30 13:10:26.697;" "
VLA COMERCIAL DE VIDROS LTDA;VLA;08.062.983/0001-00;RUA;PROFESSOR GUILHERME BELFORT SABINO;1562;;CAMPININHA;SÃO PAULO;SP;BRASIL;(11) 5685-2121;1@abravidro.org.br;VERA LUCIA DE ABREU;04678-002;NULL;NULL
VSANTOS ACESSORIA ADUANEIRA LTDA;GRUPO V SANTOS;64.571.045/0001-07;RUA;GUARAREMA;196;;BOSQUE DA SAÚDE;SÃO PAULO;SP;BRASIL;(11) 5586-4367;norberto@vsantos.com.br;NORBERTO NORONHA;04136-030;NULL;NULL
VTC TECNOLOGIA DE VIDROS TEMPERADOS LTDA - EPP;;05.739.900/0001-79;R.;MARIA SOLDEIRA LOURENÇON,;579;;SANTA JÚLIA;ITUPEVA;SP;;;;;13295000;NULL;" "
VTR DE PILARES CRISTAIS TEMPERADOS LTDA - VITRUM;VTRUM;05.415.769/0001-94;RUA;MÁRIO FERREIRA;425;- GALPÃO;ENGENHO DA RAINHA;RIO DE JANEIRO;RJ;BRASIL;(21) 3475-1500;" wguarino@disvidro.com.br";WALTER GUARINO;20761-260;2024-07-29 13:33:54.457;" "
WESTGLASS INDÚSTRIA E COMÉRCIO LTDA;;05.121.725/0001-51;AV.;DR. OLAVO RIBEIRO DE SOUZA,;5;;JD. LUCILA;TATUÍ;SP;;;;;18277009;NULL;NULL
"WORLD GLASS INDUSTRIA E COMERCIO DE VIDROS LTDA      ";WORLD GLASS;03.494.045/0001-58;RUA;"ARIRAMBA DA COPA      ";480;;"PQ. INDUSTRIAL                ";"PR - ARAPONGAS                ";PR;BRASIL;43-3152-6014;nadia@worldglass.com.br;"DIRETORIA                                            ";86702-262;NULL;S
WR GLASS IND. E COM. ACESSORIOS VIDRO LTDA;WR GLASS;06.281.376/0001-06;RUA;DOIS DE JULHO,;80;;CANHEMA;DIADEMA;SP;BRASIL;11-4048-2633;claudia.reda@wrglass.com.br;WILLMERSON R R MARTINIANO;09941-540;NULL;" "
WSI ESPAÇO VALE SUL;WSI;19.034.604/0001-87;TRAVESSA;JOÃO FERREIRA PINTO;137;NULL;POSSE;NOVA IGUAÇU;RJ;BRASIL;(24) 3321-5271;ecosta@wsivalesul.com.br;EVANDRO COSTA;26030-597;NULL;NULL
WVA QUALITY VISION COMÉRCIO E COMUNICAÇÃO VISUAL LTDA;;07.819.110/0001-29;R.;ELIZABETE KOLLER,;250;;SÃO ROQUE DA CHAVE;ITUPEVA;SP;;;;;13295000;NULL;NULL
"ZIPGLASS SERVIÇOS LTDA ";GLASTRONIC;NULL;ALAMEDA;PATATIVA;165;;MORADA DOS PÁSSAROS;BARUERI;SP;BRASIL;(11) 4192-4566;e.saler@terra.com.br;ERIC;06428-290;NULL;NULL
ZIPGLASS SERVS LTDA - GLASTRONIC ZIPGLASS SERVS LT;GLASTRONIC;05.201.692/0001-50;ALAMEDA;PATATIVA;165;.;MORADA DOS PASSAROS;BARUERI;SP;BRASIL;(11) 4192-4566;e.saler@terra.com.br;ERIC HUGO SALER;06428-290;2024-07-30 11:14:29.823;NULL
